[
    {
        "configure": {
            "Team": "BBB Partners",
            "NOCol": "4"
        }
    },
    {
        "LAYER": [
            {
                "LAYERx1": [
                    {
                        "LAYER1": "GENERAL",
                        "FIND": "null"
                    },
                    {
                        "LAYER1": "GENERAL",
                        "FIND": "null"
                    },
                    {
                        "LAYER1": "GENERAL",
                        "FIND": "null"
                    },
                    {
                        "LAYER1": "GENERAL",
                        "FIND": "null"
                    },
                    {
                        "LAYER1": "GENERAL",
                        "FIND": "null"
                    },
                    {
                        "LAYER1": "GENERAL",
                        "FIND": "null"
                    },
                    {
                        "LAYER1": "ADMIN",
                        "FIND": "null"
                    },
                    {
                        "LAYER1": "ADMIN",
                        "FIND": "null"
                    },
                    {
                        "LAYER1": "ADMIN",
                        "FIND": "null"
                    }
                ]
            },
            {
                "LAYERx2": [
                    {
                        "LAYER2": "AP",
                        "FIND": "GENERAL"
                    },
                    {
                        "LAYER2": "AP",
                        "FIND": "GENERAL"
                    },
                    {
                        "LAYER2": "AP",
                        "FIND": "GENERAL"
                    },
                    {
                        "LAYER2": "AP",
                        "FIND": "GENERAL"
                    },
                    {
                        "LAYER2": "AP",
                        "FIND": "GENERAL"
                    },
                    {
                        "LAYER2": "AP",
                        "FIND": "GENERAL"
                    },
                    {
                        "LAYER2": "ADMIN",
                        "FIND": "ADMIN"
                    },
                    {
                        "LAYER2": "ADMIN",
                        "FIND": "ADMIN"
                    },
                    {
                        "LAYER2": "ADMIN",
                        "FIND": "ADMIN"
                    }
                ]
            },
            {
                "LAYERx3": [
                    {
                        "LAYER3": "INVOICE PROCESSING ",
                        "FIND": "AP",
                        "FINDM": "GENERAL"
                    },
                    {
                        "LAYER3": "PAYMENT RUN ",
                        "FIND": "AP",
                        "FINDM": "GENERAL"
                    },
                    {
                        "LAYER3": "VENDOR CREATION",
                        "FIND": "AP",
                        "FINDM": "GENERAL"
                    },
                    {
                        "LAYER3": "APPLY PAYMENT",
                        "FIND": "AP",
                        "FINDM": "GENERAL"
                    },
                    {
                        "LAYER3": "BANK RECONCILIATION",
                        "FIND": "AP",
                        "FINDM": "GENERAL"
                    },
                    {
                        "LAYER3": "EMAILS",
                        "FIND": "AP",
                        "FINDM": "GENERAL"
                    },
                    {
                        "LAYER3": "SOP PREPARATION",
                        "FIND": "ADMIN",
                        "FINDM": "ADMIN"
                    },
                    {
                        "LAYER3": "INTERNAL TRAINING",
                        "FIND": "ADMIN",
                        "FINDM": "ADMIN"
                    },
                    {
                        "LAYER3": "INTERNAL REPORTS",
                        "FIND": "ADMIN",
                        "FINDM": "ADMIN"
                    }
                ]
            },
            {
                "LAYERx4": []
            },
            {
                "LAYERx5": []
            },
            {
                "LAYERx6": []
            },
            {
                "LAYERx7": []
            },
            {
                "LAYERx8": []
            }
        ]
    },
    {
        "SUTinfo": [
            {
                "INVOICE PROCESSING ": "00:00:00"
            },
            {
                "PAYMENT RUN ": "00:00:00"
            },
            {
                "VENDOR CREATION": "00:00:00"
            },
            {
                "APPLY PAYMENT": "00:00:00"
            },
            {
                "BANK RECONCILIATION": "00:00:00"
            },
            {
                "EMAILS": "00:00:00"
            },
            {
                "SOP PREPARATION": "00:00:00"
            },
            {
                "INTERNAL TRAINING": "00:00:00"
            },
            {
                "INTERNAL REPORTS": "00:00:00"
            }
        ]
    }
]