{
    "LIST_OF_BREAKS":
    [
        {"BREAK_LAYER":"BREAK"},
        {"BREAK_LAYER":"IT DOWNTIME"},
        {"BREAK_LAYER":"NO WORK"},
        {"BREAK_LAYER":"GOVERNANCE DECK"},
        {"BREAK_LAYER":"MONTHLY BILLING"},
        {"BREAK_LAYER":"CLIENT REPORTS"},
        {"BREAK_LAYER":"QMS/ISMS ACTIVITY"},
        {"BREAK_LAYER":"ERT /ADMIN "},
        {"BREAK_LAYER":"CLIENT CALLS/CHAT"},
        {"BREAK_LAYER":"INTERNAL MEETING"},
        {"BREAK_LAYER":"CLIENT TRAINING"},
        {"BREAK_LAYER":"APPROVED TRAINING PROGRAM"},
        {"BREAK_LAYER":"ER ACTIVITY"},
        {"BREAK_LAYER":"CLARIFICATION"},
        {"BREAK_LAYER":"EXPERT CLARIFICATION PROVIDER"},
	{"BREAK_LAYER":"Internal Training - New Joinee/Handout"}

    ],
    "LIST_OF_REMARKS":
    [
        {"REMARKS":"COMPLEX_WORK_ITEM"},
	{"REMARKS":"MORE NUMBER OF BREAKS"},
	{"REMARKS":"HELD UP IN INVESTIGATING ISSUE"},
	{"REMARKS":"DETAILS ALREADY UPDATED"},
	{"REMARKS":"NO DETAILS RECEIVED"},
	{"REMARKS":"SUT TO BE REVISIT"},
	{"REMARKS":"LESS NUMBER OF BREAKS"},
	{"REMARKS":"CLIENT APPLICATION/WEBPORTAL SLOWNESS"},
	{"REMARKS":"QUERY RAISED TO THE CLIENT"},
        {"REMARKS":"FORGET_TO_HOLD_THE_TASK"},
	{"REMARKS":"FORGET TO UPDATE THE COUNT"},
        {"REMARKS":"FORGET_TO_STOP_THE_TASK"}

    ],
    "SPL_LIST_OF_REMARK":
    [
    {"REMARKS":"TAX VARIANCE"},
    {"REMARKS":"ISSUE IN UPLOAD FILE"},
    {"REMARKS":"MANUAL INTERVENTION IN EXTRACT"},
    {"REMARKS":"MANUAL CALCULATION MISMATCH"},
    {"REMARKS":"TRAIL AND final not MATCHED"},
    {"REMARKS":"INTERATING WITH CLIENT - SLACK"},
    {"REMARKS":"SYSTEM TOOK LONG TIME TO PROCESS"}
    ],
    "LIST_OF_USERS":
    [
    {"TYPE":"PROCESSER"},
    {"TYPE":"REVIEWER"}
    ],
    "LIST_OF_STATUS":
    [
        {"STATUS_LAYER":"Admin"},
        {"STATUS_LAYER":"IT Downtime"},
        {"STATUS_LAYER":"Governance Call"},
        {"STATUS_LAYER":"Report Prpration"},
        {"STATUS_LAYER":"Training"},
        {"STATUS_LAYER":"WIP"},
        {"STATUS_LAYER":"Draft financials for review"},
        {"STATUS_LAYER":"Hand over meeting"},
        {"STATUS_LAYER":"Job completed"},
        {"STATUS_LAYER":"Query response received"},
        {"STATUS_LAYER":"Query sent to client"},
        {"STATUS_LAYER":"Signed off"},
        {"STATUS_LAYER":"Tax return preparation"},
        {"STATUS_LAYER":"WIP1"},
        {"STATUS_LAYER":"Yet to commence"},
        {"STATUS_LAYER":"Internal Review Pending"},
        {"STATUS_LAYER":"Rework Pending"},
        {"STATUS_LAYER":"Draft FBT Return for review"},
        {"STATUS_LAYER":"Query response partially received"},
        {"STATUS_LAYER":"No Job"}
        
    ]
}