[
    {
        "configure": {
            "Team": "MIS",
            "NOCol": "4"
        }
    },
    {
        "LAYER": [
            {
                "LAYERx1": [
                    {
                        "LAYER1": "MIS",
                        "FIND": "null"
                    },
                    {
                        "LAYER1": "MIS",
                        "FIND": "null"
                    },
                    {
                        "LAYER1": "MIS",
                        "FIND": "null"
                    },
                    {
                        "LAYER1": "MIS",
                        "FIND": "null"
                    }
                ]
            },
            {
                "LAYERx2": [
                    {
                        "LAYER2": "Adhoc",
                        "FIND": "MIS"
                    },
                    {
                        "LAYER2": "Client",
                        "FIND": "MIS"
                    },
                    {
                        "LAYER2": "Client",
                        "FIND": "MIS"
                    },
                    {
                        "LAYER2": "SBS",
                        "FIND": "MIS"
                    }
                ]
            },
            {
                "LAYERx3": [
                    {
                        "LAYER3": "MIS Activity",
                        "FIND": "Adhoc",
                        "FINDM": "MIS"
                    },
                    {
                        "LAYER3": "Capacity Utilization & Reports",
                        "FIND": "Client",
                        "FINDM": "MIS"
                    },
                    {
                        "LAYER3": "Governance Call Presentations",
                        "FIND": "Client",
                        "FINDM": "MIS"
                    },
                    {
                        "LAYER3": "Attendance & Email Handling",
                        "FIND": "SBS",
                        "FINDM": "MIS"
                    }
                ]
            },
            {
                "LAYERx4": []
            },
            {
                "LAYERx5": []
            },
            {
                "LAYERx6": []
            },
            {
                "LAYERx7": []
            },
            {
                "LAYERx8": []
            }
        ]
    },
    {
        "SUTinfo": [
            {
                "MIS Activity": "00:00:00"
            },
            {
                "Capacity Utilization & Reports": "00:00:00"
            },
            {
                "Governance Call Presentations": "00:00:00"
            },
            {
                "Attendance & Email Handling": "00:00:00"
            }
        ]
    }
]