﻿[
    {
        "configure": {
            "Team": "PMS",
            "NOCol": "4"
        }
    },
    {
        "LAYER": [
            {
                "LAYERx1": [
                    {
                        "LAYER1": "OV PMS - AUDITING",
                        "FIND": null
                    },
                    {
                        "LAYER1": "OV PMS - PROCESSING",
                        "FIND": null
                    },
                    {
                        "LAYER1": "OV SS",
                        "FIND": null
                    }
                ]
            },
            {
                "LAYERx2": [
                    {
                        "LAYER2": "CASH",
                        "FIND": "OV PMS - AUDITING"
                    },
                    {
                        "LAYER2": "DMP",
                        "FIND": "OV PMS - AUDITING"
                    },
                    {
                        "LAYER2": "DOCUMENT MANAGEMENT",
                        "FIND": "OV PMS - AUDITING"
                    },
                    {
                        "LAYER2": "IDPS",
                        "FIND": "OV PMS - AUDITING"
                    },
                    {
                        "LAYER2": "INVESTMENT GATEWAY",
                        "FIND": "OV PMS - AUDITING"
                    },
                    {
                        "LAYER2": "MANUAL FEEDS",
                        "FIND": "OV PMS - AUDITING"
                    },
                    {
                        "LAYER2": "ONBOARDING",
                        "FIND": "OV PMS - AUDITING"
                    },
                    {
                        "LAYER2": "OTHERS",
                        "FIND": "OV PMS - AUDITING"
                    },
                    {
                        "LAYER2": "PRICES",
                        "FIND": "OV PMS - AUDITING"
                    },
                    {
                        "LAYER2": "RENTAL",
                        "FIND": "OV PMS - AUDITING"
                    },
                    {
                        "LAYER2": "SMA",
                        "FIND": "OV PMS - AUDITING"
                    },
                    {
                        "LAYER2": "TRADE",
                        "FIND": "OV PMS - AUDITING"
                    },
                    {
                        "LAYER2": "WORKFLOW",
                        "FIND": "OV PMS - AUDITING"
                    },
                    {
                        "LAYER2": "ADHOC",
                        "FIND": "OV PMS - PROCESSING"
                    },
                    {
                        "LAYER2": "CASH",
                        "FIND": "OV PMS - PROCESSING"
                    },
                    {
                        "LAYER2": "DMP",
                        "FIND": "OV PMS - PROCESSING"
                    },
                    {
                        "LAYER2": "DOCUMENT MANAGEMENT",
                        "FIND": "OV PMS - PROCESSING"
                    },
                    {
                        "LAYER2": "IDPS",
                        "FIND": "OV PMS - PROCESSING"
                    },
                    {
                        "LAYER2": "INVESTMENT GATEWAY",
                        "FIND": "OV PMS - PROCESSING"
                    },
                    {
                        "LAYER2": "MANUAL FEEDS",
                        "FIND": "OV PMS - PROCESSING"
                    },
                    {
                        "LAYER2": "MAP",
                        "FIND": "OV PMS - PROCESSING"
                    },
                    {
                        "LAYER2": "ONBOARDING",
                        "FIND": "OV PMS - PROCESSING"
                    },
                    {
                        "LAYER2": "OTHERS",
                        "FIND": "OV PMS - PROCESSING"
                    },
                    {
                        "LAYER2": "PRICES",
                        "FIND": "OV PMS - PROCESSING"
                    },
                    {
                        "LAYER2": "RENTAL",
                        "FIND": "OV PMS - PROCESSING"
                    },
                    {
                        "LAYER2": "SMA",
                        "FIND": "OV PMS - PROCESSING"
                    },
                    {
                        "LAYER2": "TRADE",
                        "FIND": "OV PMS - PROCESSING"
                    },
                    {
                        "LAYER2": "WORKFLOW",
                        "FIND": "OV PMS - PROCESSING"
                    },
                    {
                        "LAYER2": "YEAR END TAX",
                        "FIND": "OV PMS - PROCESSING"
                    },
                    {
                        "LAYER2": "PROCESSING",
                        "FIND": "OV SS"
                    },
                    {
                        "LAYER2": "AUDITING",
                        "FIND": "OV SS"
                    }
                ]
            },
            {
                "LAYERx3": [
                    {"LAYER3":"DAILY UPDATES(1)","FIND":"ADHOC","FINDM":"OV PMS - PROCESSING"},
                    {"LAYER3":"OTHER TRAINING(2)","FIND":"ADHOC","FINDM":"OV PMS - PROCESSING"},
                    {"LAYER3":"PROCESS TRAINING(3)","FIND":"ADHOC","FINDM":"OV PMS - PROCESSING"},
                    {"LAYER3":"TIME SHEET SAVING(4)","FIND":"ADHOC","FINDM":"OV PMS - PROCESSING"},
                    {"LAYER3":"DAILY REPORTS(5)","FIND":"SMA","FINDM":"OV PMS - PROCESSING"},
                    {"LAYER3":"DIVIDEND ACCRUALS(6)","FIND":"SMA","FINDM":"OV PMS - PROCESSING"},
                    {"LAYER3":"DIVIDEND CONTROL SHEET(7)","FIND":"SMA","FINDM":"OV PMS - PROCESSING"},
                    {"LAYER3":"DIVIDEND RECEIPTS(8)","FIND":"SMA","FINDM":"OV PMS - PROCESSING"},
                    {"LAYER3":"EPI FEEDS(9)","FIND":"SMA","FINDM":"OV PMS - PROCESSING"},
                    {"LAYER3":"EXTERNAL TRADES(10)","FIND":"SMA","FINDM":"OV PMS - PROCESSING"},
                    {"LAYER3":"MONTHLY REPORTS(11)","FIND":"SMA","FINDM":"OV PMS - PROCESSING"},
                    {"LAYER3":"RECONCILIATION(12)","FIND":"SMA","FINDM":"OV PMS - PROCESSING"},
                    {"LAYER3":"ADE BATCHES(13)","FIND":"CASH","FINDM":"OV PMS - AUDITING"},
                    {"LAYER3":"CMT PROCESSING(14)","FIND":"CASH","FINDM":"OV PMS - AUDITING"},
                    {"LAYER3":"CORPORATE ACTION BATCHES(15)","FIND":"CASH","FINDM":"OV PMS - AUDITING"},
                    {"LAYER3":"DAILY CLEARING REPORT(16)","FIND":"CASH","FINDM":"OV PMS - AUDITING"},
                    {"LAYER3":"DAILY REPORTS(17)","FIND":"CASH","FINDM":"OV PMS - AUDITING"},
                    {"LAYER3":"MACQ BATCHES(18)","FIND":"CASH","FINDM":"OV PMS - AUDITING"},
                    {"LAYER3":"MANUAL FEEDS - CASH(19)","FIND":"MANUAL FEEDS","FINDM":"OV PMS - AUDITING"},
                    {"LAYER3":"REPROCESSING OF TRANSACTIONS(20)","FIND":"MANUAL FEEDS","FINDM":"OV PMS - AUDITING"},
                    {"LAYER3":"AQS ACTIONED(21)","FIND":"OTHERS","FINDM":"OV PMS - AUDITING"},
                    {"LAYER3":"SERVICE DESK QUEUE - JIRA TICKETING(22)","FIND":"OTHERS","FINDM":"OV PMS - AUDITING"},
                    {"LAYER3":"INVESTMENT CODE CREATION(23)","FIND":"TRADE","FINDM":"OV PMS - AUDITING"},
                    {"LAYER3":"UMA CASH QA(24)","FIND":"WORKFLOW","FINDM":"OV PMS - AUDITING"},
                    {"LAYER3":"COE EXAMINATION(25)","FIND":"ADHOC","FINDM":"OV PMS - PROCESSING"},
                    {"LAYER3":"ADE BATCHES(26)","FIND":"CASH","FINDM":"OV PMS - PROCESSING"},
                    {"LAYER3":"CORPORATE ACTION BATCHES(27)","FIND":"CASH","FINDM":"OV PMS - PROCESSING"},
                    {"LAYER3":"DAILY REPORTS(28)","FIND":"CASH","FINDM":"OV PMS - PROCESSING"},
                    {"LAYER3":"UNRECONCILED CMT REPORT(29)","FIND":"CASH","FINDM":"OV PMS - PROCESSING"},
                    {"LAYER3":"WEEKLY CLEARING REPORT(30)","FIND":"CASH","FINDM":"OV PMS - PROCESSING"},
                    {"LAYER3":"E FORM CREATION/INDEXING(31)","FIND":"DOCUMENT MANAGEMENT","FINDM":"OV PMS - PROCESSING"},
                    {"LAYER3":"MANUAL FEEDS - AMM(32)","FIND":"MANUAL FEEDS","FINDM":"OV PMS - PROCESSING"},
                    {"LAYER3":"MANUAL FEEDS - CASH(33)","FIND":"MANUAL FEEDS","FINDM":"OV PMS - PROCESSING"},
                    {"LAYER3":"PAMS/OZPORT REVERSALS(34)","FIND":"MANUAL FEEDS","FINDM":"OV PMS - PROCESSING"},
                    {"LAYER3":"AQS ACTIONED(35)","FIND":"OTHERS","FINDM":"OV PMS - PROCESSING"},
                    {"LAYER3":"AQS RAISED(36)","FIND":"OTHERS","FINDM":"OV PMS - PROCESSING"},
                    {"LAYER3":"DAILY ISSUES(37)","FIND":"OTHERS","FINDM":"OV PMS - PROCESSING"},
                    {"LAYER3":"EMAILS(38)","FIND":"OTHERS","FINDM":"OV PMS - PROCESSING"},
                    {"LAYER3":"JIRA ASSIGNING(39)","FIND":"OTHERS","FINDM":"OV PMS - PROCESSING"},
                    {"LAYER3":"SERVICE DESK QUEUE - JIRA TICKETING(40)","FIND":"OTHERS","FINDM":"OV PMS - PROCESSING"},
                    {"LAYER3":"AMM PROCESSING(41)","FIND":"TRADE","FINDM":"OV PMS - PROCESSING"},
                    {"LAYER3":"BOOKING TRADES(42)","FIND":"DMP","FINDM":"OV PMS - AUDITING"},
                    {"LAYER3":"CASH RECONCILIATION(43)","FIND":"DMP","FINDM":"OV PMS - AUDITING"},
                    {"LAYER3":"DIVIDEND CONTROL SHEET(44)","FIND":"DMP","FINDM":"OV PMS - AUDITING"},
                    {"LAYER3":"IPS SYNCHRONISE(45)","FIND":"DMP","FINDM":"OV PMS - AUDITING"},
                    {"LAYER3":"MATCHING CONTRACT NOTES(46)","FIND":"DMP","FINDM":"OV PMS - AUDITING"},
                    {"LAYER3":"SCRIP RECONCILIATION(47)","FIND":"DMP","FINDM":"OV PMS - AUDITING"},
                    {"LAYER3":"BOOKING TRADES(48)","FIND":"SMA","FINDM":"OV PMS - AUDITING"},
                    {"LAYER3":"DAILY REPORTS(49)","FIND":"SMA","FINDM":"OV PMS - AUDITING"},
                    {"LAYER3":"DIVIDEND CONTROL SHEET(50)","FIND":"SMA","FINDM":"OV PMS - AUDITING"},
                    {"LAYER3":"EXTERNAL TRADES(51)","FIND":"SMA","FINDM":"OV PMS - AUDITING"},
                    {"LAYER3":"INTERNATIONAL TRADE BNP UPLOAD(52)","FIND":"SMA","FINDM":"OV PMS - AUDITING"},
                    {"LAYER3":"INTERNATIONAL TRADE FOREX UPLOAD(53)","FIND":"SMA","FINDM":"OV PMS - AUDITING"},
                    {"LAYER3":"MONTHLY REPORTS(54)","FIND":"SMA","FINDM":"OV PMS - AUDITING"},
                    {"LAYER3":"PLAYFAIR TAN  CITI TRADE  UPLOAD(55)","FIND":"SMA","FINDM":"OV PMS - AUDITING"},
                    {"LAYER3":"PLAYFAIR TAN  OV5 TRADE  UPLOAD(56)","FIND":"SMA","FINDM":"OV PMS - AUDITING"},
                    {"LAYER3":"PLAYFAIR TAN  OZPORT CASH UPLOAD(57)","FIND":"SMA","FINDM":"OV PMS - AUDITING"},
                    {"LAYER3":"PLAYFAIR TAN  OZPORT TRADE UPLOAD(58)","FIND":"SMA","FINDM":"OV PMS - AUDITING"},
                    {"LAYER3":"RECONCILIATION(59)","FIND":"SMA","FINDM":"OV PMS - AUDITING"},
                    {"LAYER3":"WEEKLY REPORTS(60)","FIND":"SMA","FINDM":"OV PMS - AUDITING"},
                    {"LAYER3":"COE CONTENT TRAINING(61)","FIND":"ADHOC","FINDM":"OV PMS - PROCESSING"},
                    {"LAYER3":"DAILY TRANSACTIONS UPDATE(62)","FIND":"ADHOC","FINDM":"OV PMS - PROCESSING"},
                    {"LAYER3":"INTERNAL EMAILS ACTION(63)","FIND":"ADHOC","FINDM":"OV PMS - PROCESSING"},
                    {"LAYER3":"MONTHLY MIS REPORT PREPARATION(64)","FIND":"ADHOC","FINDM":"OV PMS - PROCESSING"},
                    {"LAYER3":"PAYROLL DATA PREPARATION(65)","FIND":"ADHOC","FINDM":"OV PMS - PROCESSING"},
                    {"LAYER3":"QMS FOLDER UPDATE(66)","FIND":"ADHOC","FINDM":"OV PMS - PROCESSING"},
                    {"LAYER3":"R & R DATA(67)","FIND":"ADHOC","FINDM":"OV PMS - PROCESSING"},
                    {"LAYER3":"SELF ADHERENCE REPORT(68)","FIND":"ADHOC","FINDM":"OV PMS - PROCESSING"},
                    {"LAYER3":"SHIFT ALLOWANCE PREPARATION(69)","FIND":"ADHOC","FINDM":"OV PMS - PROCESSING"},
                    {"LAYER3":"TIME SHEET REVIEW(70)","FIND":"ADHOC","FINDM":"OV PMS - PROCESSING"},
                    {"LAYER3":"WEEKLY KRA(71)","FIND":"ADHOC","FINDM":"OV PMS - PROCESSING"},
                    {"LAYER3":"OV CASH REC(72)","FIND":"IDPS","FINDM":"OV PMS - AUDITING"},
                    {"LAYER3":"TRADES(73)","FIND":"IDPS","FINDM":"OV PMS - AUDITING"},
                    {"LAYER3":"MANUAL FEEDS - OVCASH & AUSMAQCASH(74)","FIND":"MANUAL FEEDS","FINDM":"OV PMS - AUDITING"},
                    {"LAYER3":"ASSET REC(75)","FIND":"IDPS","FINDM":"OV PMS - PROCESSING"},
                    {"LAYER3":"MERCURY PAMS RECONCILIATION(76)","FIND":"IDPS","FINDM":"OV PMS - PROCESSING"},
                    {"LAYER3":"OV CASH REC(77)","FIND":"IDPS","FINDM":"OV PMS - PROCESSING"},
                    {"LAYER3":"PAMS EXTRACT AND UPLOAD OF FILES(78)","FIND":"IDPS","FINDM":"OV PMS - PROCESSING"},
                    {"LAYER3":"TRADES(79)","FIND":"IDPS","FINDM":"OV PMS - PROCESSING"},
                    {"LAYER3":"MANUAL FEEDS - OVCASH & AUSMAQCASH(80)","FIND":"MANUAL FEEDS","FINDM":"OV PMS - PROCESSING"},
                    {"LAYER3":"PREVIOUS BREAK ITEMS - RECONCILIATION(81)","FIND":"MANUAL FEEDS","FINDM":"OV PMS - PROCESSING"},
                    {"LAYER3":"REPROCESSING OF TRANSACTIONS(82)","FIND":"MANUAL FEEDS","FINDM":"OV PMS - PROCESSING"},
                    {"LAYER3":"BANK REPORT(83)","FIND":"DMP","FINDM":"OV PMS - PROCESSING"},
                    {"LAYER3":"CASH RECONCILIATION(84)","FIND":"DMP","FINDM":"OV PMS - PROCESSING"},
                    {"LAYER3":"CITI UPLOAD(85)","FIND":"DMP","FINDM":"OV PMS - PROCESSING"},
                    {"LAYER3":"OZPORT REPORT(86)","FIND":"DMP","FINDM":"OV PMS - PROCESSING"},
                    {"LAYER3":"SCRIP RECONCILIATION(87)","FIND":"DMP","FINDM":"OV PMS - PROCESSING"},
                    {"LAYER3":"BOOKING TRADES(88)","FIND":"SMA","FINDM":"OV PMS - PROCESSING"},
                    {"LAYER3":"CASH SWEEP CUT DOWN WH TAX(89)","FIND":"SMA","FINDM":"OV PMS - PROCESSING"},
                    {"LAYER3":"CITI UPLOAD(90)","FIND":"SMA","FINDM":"OV PMS - PROCESSING"},
                    {"LAYER3":"LOAD/UNLOAD TRANSACTION(91)","FIND":"SMA","FINDM":"OV PMS - PROCESSING"},
                    {"LAYER3":"WEEKLY REPORTS(92)","FIND":"SMA","FINDM":"OV PMS - PROCESSING"},
                    {"LAYER3":"DAILY ROLLOVER(93)","FIND":"TRADE","FINDM":"OV PMS - PROCESSING"},
                    {"LAYER3":"BANK REPORT(94)","FIND":"DMP","FINDM":"OV PMS - AUDITING"},
                    {"LAYER3":"CITI UPLOAD(95)","FIND":"DMP","FINDM":"OV PMS - AUDITING"},
                    {"LAYER3":"DIVIDEND ACCRUALS/RECEIPTS(96)","FIND":"DMP","FINDM":"OV PMS - AUDITING"},
                    {"LAYER3":"LOAD/UNLOAD TRANSACTION(97)","FIND":"DMP","FINDM":"OV PMS - AUDITING"},
                    {"LAYER3":"OZPORT REPORT(98)","FIND":"DMP","FINDM":"OV PMS - AUDITING"},
                    {"LAYER3":"EMAILS(99)","FIND":"OTHERS","FINDM":"OV PMS - AUDITING"},
                    {"LAYER3":"CASH SWEEP CUT DOWN WH TAX(100)","FIND":"SMA","FINDM":"OV PMS - AUDITING"},
                    {"LAYER3":"CITI UPLOAD(101)","FIND":"SMA","FINDM":"OV PMS - AUDITING"},
                    {"LAYER3":"DIVIDEND ACCRUALS(102)","FIND":"SMA","FINDM":"OV PMS - AUDITING"},
                    {"LAYER3":"DIVIDEND RECEIPTS(103)","FIND":"SMA","FINDM":"OV PMS - AUDITING"},
                    {"LAYER3":"INTERNAL TRADES(104)","FIND":"SMA","FINDM":"OV PMS - AUDITING"},
                    {"LAYER3":"LOAD/UNLOAD TRANSACTION(105)","FIND":"SMA","FINDM":"OV PMS - AUDITING"},
                    {"LAYER3":"DAY END(106)","FIND":"DMP","FINDM":"OV PMS - PROCESSING"},
                    {"LAYER3":"DIVIDEND ACCRUALS/RECEIPTS(107)","FIND":"DMP","FINDM":"OV PMS - PROCESSING"},
                    {"LAYER3":"IPS SYNCHRONISE(108)","FIND":"DMP","FINDM":"OV PMS - PROCESSING"},
                    {"LAYER3":"DAY END(109)","FIND":"SMA","FINDM":"OV PMS - PROCESSING"},
                    {"LAYER3":"INTERNATIONAL TRADE OZPORT UPLOAD(110)","FIND":"SMA","FINDM":"OV PMS - PROCESSING"},
                    {"LAYER3":"E FORM CREATION/INDEXING(111)","FIND":"DOCUMENT MANAGEMENT","FINDM":"OV PMS - AUDITING"},
                    {"LAYER3":"NEW ADVISER SETUP(112)","FIND":"ONBOARDING","FINDM":"OV PMS - AUDITING"},
                    {"LAYER3":"NEW DEALER SETUP(113)","FIND":"ONBOARDING","FINDM":"OV PMS - AUDITING"},
                    {"LAYER3":"NON BAU QA(114)","FIND":"WORKFLOW","FINDM":"OV PMS - AUDITING"},
                    {"LAYER3":"ONBOARDING QA(115)","FIND":"WORKFLOW","FINDM":"OV PMS - AUDITING"},
                    {"LAYER3":"UMA TRADE QA(116)","FIND":"WORKFLOW","FINDM":"OV PMS - AUDITING"}
                    
                ]
            },
            {
                "LAYERx4": []
            },
            {
                "LAYERx5": []
            },
            {
                "LAYERx6": []
            },
            {
                "LAYERx7": []
            },
            {
                "LAYERx8": []
            }
        ]
    },
    {
        "SUTinfo": [
            {"DAILY UPDATES(1)":"00:00:00"},
            {"OTHER TRAINING(2)":"00:00:00"},
            {"PROCESS TRAINING(3)":"00:00:00"},
            {"TIME SHEET SAVING(4)":"00:00:00"},
            {"DAILY REPORTS(5)":"00:02:00"},
            {"DIVIDEND ACCRUALS(6)":"00:02:00"},
            {"DIVIDEND CONTROL SHEET(7)":"00:10:00"},
            {"DIVIDEND RECEIPTS(8)":"00:02:00"},
            {"EPI FEEDS(9)":"00:00:30"},
            {"EXTERNAL TRADES(10)":"00:01:00"},
            {"MONTHLY REPORTS(11)":"00:02:00"},
            {"RECONCILIATION(12)":"01:00:00"},
            {"ADE BATCHES(13)":"00:02:00"},
            {"CMT PROCESSING(14)":"00:01:00"},
            {"CORPORATE ACTION BATCHES(15)":"00:05:00"},
            {"DAILY CLEARING REPORT(16)":"00:01:00"},
            {"DAILY REPORTS(17)":"00:02:00"},
            {"MACQ BATCHES(18)":"00:01:00"},
            {"MANUAL FEEDS - CASH(19)":"00:01:00"},
            {"REPROCESSING OF TRANSACTIONS(20)":"00:01:00"},
            {"AQS ACTIONED(21)":"00:05:00"},
            {"SERVICE DESK QUEUE - JIRA TICKETING(22)":"00:05:00"},
            {"INVESTMENT CODE CREATION(23)":"00:05:00"},
            {"UMA CASH QA(24)":"00:02:00"},
            {"COE EXAMINATION(25)":"00:00:00"},
            {"ADE BATCHES(26)":"00:02:00"},
            {"CORPORATE ACTION BATCHES(27)":"00:05:00"},
            {"DAILY REPORTS(28)":"00:02:30"},
            {"UNRECONCILED CMT REPORT(29)":"00:10:00"},
            {"WEEKLY CLEARING REPORT(30)":"00:02:00"},
            {"E FORM CREATION/INDEXING(31)":"00:03:00"},
            {"MANUAL FEEDS - AMM(32)":"00:02:00"},
            {"MANUAL FEEDS - CASH(33)":"00:01:00"},
            {"PAMS/OZPORT REVERSALS(34)":"00:00:30"},
            {"AQS ACTIONED(35)":"00:10:00"},
            {"AQS RAISED(36)":"00:10:00"},
            {"DAILY ISSUES(37)":"00:05:00"},
            {"EMAILS(38)":"00:15:00"},
            {"JIRA ASSIGNING(39)":"00:02:00"},
            {"SERVICE DESK QUEUE - JIRA TICKETING(40)":"00:10:00"},
            {"AMM PROCESSING(41)":"01:00:00"},
            {"BOOKING TRADES(42)":"00:01:00"},
            {"CASH RECONCILIATION(43)":"00:02:30"},
            {"DIVIDEND CONTROL SHEET(44)":"00:05:00"},
            {"IPS SYNCHRONISE(45)":"00:01:00"},
            {"MATCHING CONTRACT NOTES(46)":"00:02:00"},
            {"SCRIP RECONCILIATION(47)":"00:03:00"},
            {"BOOKING TRADES(48)":"00:03:00"},
            {"DAILY REPORTS(49)":"00:02:00"},
            {"DIVIDEND CONTROL SHEET(50)":"00:05:00"},
            {"EXTERNAL TRADES(51)":"00:00:30"},
            {"INTERNATIONAL TRADE BNP UPLOAD(52)":"00:00:30"},
            {"INTERNATIONAL TRADE FOREX UPLOAD(53)":"00:01:00"},
            {"MONTHLY REPORTS(54)":"00:01:00"},
            {"PLAYFAIR TAN  CITI TRADE  UPLOAD(55)":"00:00:30"},
            {"PLAYFAIR TAN  OV5 TRADE  UPLOAD(56)":"00:00:30"},
            {"PLAYFAIR TAN  OZPORT CASH UPLOAD(57)":"00:01:00"},
            {"PLAYFAIR TAN  OZPORT TRADE UPLOAD(58)":"00:00:30"},
            {"RECONCILIATION(59)":"00:40:00"},
            {"WEEKLY REPORTS(60)":"00:03:00"},
            {"COE CONTENT TRAINING(61)":"00:00:00"},
            {"DAILY TRANSACTIONS UPDATE(62)":"00:00:00"},
            {"INTERNAL EMAILS ACTION(63)":"00:00:00"},
            {"MONTHLY MIS REPORT PREPARATION(64)":"00:00:00"},
            {"PAYROLL DATA PREPARATION(65)":"00:00:00"},
            {"QMS FOLDER UPDATE(66)":"00:00:00"},
            {"R & R DATA(67)":"00:00:00"},
            {"SELF ADHERENCE REPORT(68)":"00:00:00"},
            {"SHIFT ALLOWANCE PREPARATION(69)":"00:00:00"},
            {"TIME SHEET REVIEW(70)":"00:00:00"},
            {"WEEKLY KRA(71)":"00:00:00"},
            {"OV CASH REC(72)":"00:01:00"},
            {"TRADES(73)":"00:01:00"},
            {"MANUAL FEEDS - OVCASH & AUSMAQCASH(74)":"00:01:00"},
            {"ASSET REC(75)":"00:02:00"},
            {"MERCURY PAMS RECONCILIATION(76)":"00:02:00"},
            {"OV CASH REC(77)":"00:02:00"},
            {"PAMS EXTRACT AND UPLOAD OF FILES(78)":"00:10:00"},
            {"TRADES(79)":"00:02:00"},
            {"MANUAL FEEDS - OVCASH & AUSMAQCASH(80)":"00:01:00"},
            {"PREVIOUS BREAK ITEMS - RECONCILIATION(81)":"00:01:00"},
            {"REPROCESSING OF TRANSACTIONS(82)":"00:01:00"},
            {"BANK REPORT(83)":"00:03:00"},
            {"CASH RECONCILIATION(84)":"00:04:30"},
            {"CITI UPLOAD(85)":"00:03:00"},
            {"OZPORT REPORT(86)":"00:02:00"},
            {"SCRIP RECONCILIATION(87)":"00:04:00"},
            {"BOOKING TRADES(88)":"00:04:00"},
            {"CASH SWEEP CUT DOWN WH TAX(89)":"00:01:00"},
            {"CITI UPLOAD(90)":"00:03:00"},
            {"LOAD/UNLOAD TRANSACTION(91)":"00:02:00"},
            {"WEEKLY REPORTS(92)":"00:03:00"},
            {"DAILY ROLLOVER(93)":"00:10:00"},
            {"BANK REPORT(94)":"00:01:00"},
            {"CITI UPLOAD(95)":"00:03:00"},
            {"DIVIDEND ACCRUALS/RECEIPTS(96)":"00:01:00"},
            {"LOAD/UNLOAD TRANSACTION(97)":"00:02:00"},
            {"OZPORT REPORT(98)":"00:00:40"},
            {"EMAILS(99)":"00:10:00"},
            {"CASH SWEEP CUT DOWN WH TAX(100)":"00:00:30"},
            {"CITI UPLOAD(101)":"00:03:00"},
            {"DIVIDEND ACCRUALS(102)":"00:01:00"},
            {"DIVIDEND RECEIPTS(103)":"00:01:00"},
            {"INTERNAL TRADES(104)":"00:05:00"},
            {"LOAD/UNLOAD TRANSACTION(105)":"00:02:00"},
            {"DAY END(106)":"00:10:00"},
            {"DIVIDEND ACCRUALS/RECEIPTS(107)":"00:02:00"},
            {"IPS SYNCHRONISE(108)":"00:02:00"},
            {"DAY END(109)":"00:15:00"},
            {"INTERNATIONAL TRADE OZPORT UPLOAD(110)":"00:07:00"},
            {"E FORM CREATION/INDEXING(111)":"00:02:00"},
            {"NEW ADVISER SETUP(112)":"00:20:00"},
            {"NEW DEALER SETUP(113)":"00:10:00"},
            {"NON BAU QA(114)":"00:01:00"},
            {"ONBOARDING QA(115)":"00:05:00"},
            {"UMA TRADE QA(116)":"00:02:00"}

        ]
    }
]