[
    {
        "configure": {
            "Team": "POWERWRAP",
            "NOCol": "4"
        }
    },
    {
        "LAYER": [
            {
                "LAYERx1": []
            },
            {
                "LAYERx2": []
            },
            {
                "LAYERx3": []
            },
            {
                "LAYERx4": []
            },
            {
                "LAYERx5": []
            },
            {
                "LAYERx6": []
            },
            {
                "LAYERx7": []
            },
            {
                "LAYERx8": []
            }
        ]
    },
    {
        "SUTinfo": []
    }
]