[
    {
        "configure": {
            "Team": "PP CORPORATE AFFAIRS",
            "NOCol": "4"
        }
    },
    {
        "LAYER": [
            {
                "LAYERx1": [
                    {
                        "LAYER1": "PP-CORPORATE AFFAIRS",
                        "FIND": "null"
                    },
                    {
                        "LAYER1": "PP-CORPORATE AFFAIRS",
                        "FIND": "null"
                    },
                    {
                        "LAYER1": "PP-CORPORATE AFFAIRS",
                        "FIND": "null"
                    },
                    {
                        "LAYER1": "PP-CORPORATE AFFAIRS",
                        "FIND": "null"
                    },
                    {
                        "LAYER1": "PP-CORPORATE AFFAIRS",
                        "FIND": "null"
                    },
                    {
                        "LAYER1": "PP-CORPORATE AFFAIRS",
                        "FIND": "null"
                    },
                    {
                        "LAYER1": "PP-CORPORATE AFFAIRS",
                        "FIND": "null"
                    },
                    {
                        "LAYER1": "PP-CORPORATE AFFAIRS",
                        "FIND": "null"
                    },
                    {
                        "LAYER1": "PP-CORPORATE AFFAIRS",
                        "FIND": "null"
                    },
                    {
                        "LAYER1": "PP-CORPORATE AFFAIRS",
                        "FIND": "null"
                    },
                    {
                        "LAYER1": "PP-CORPORATE AFFAIRS",
                        "FIND": "null"
                    },
                    {
                        "LAYER1": "PP-CORPORATE AFFAIRS",
                        "FIND": "null"
                    },
                    {
                        "LAYER1": "PP-CORPORATE AFFAIRS",
                        "FIND": "null"
                    }
                ]
            },
            {
                "LAYERx2": [
                    {
                        "LAYER2": "PP CORE ACTIVITY",
                        "FIND": "PP-CORPORATE AFFAIRS"
                    },
                    {
                        "LAYER2": "PP CORE ACTIVITY",
                        "FIND": "PP-CORPORATE AFFAIRS"
                    },
                    {
                        "LAYER2": "PP CORE ACTIVITY",
                        "FIND": "PP-CORPORATE AFFAIRS"
                    },
                    {
                        "LAYER2": "PP CORE ACTIVITY",
                        "FIND": "PP-CORPORATE AFFAIRS"
                    },
                    {
                        "LAYER2": "PP CORE ACTIVITY",
                        "FIND": "PP-CORPORATE AFFAIRS"
                    },
                    {
                        "LAYER2": "PP CORE ACTIVITY",
                        "FIND": "PP-CORPORATE AFFAIRS"
                    },
                    {
                        "LAYER2": "PP CORE ACTIVITY",
                        "FIND": "PP-CORPORATE AFFAIRS"
                    },
                    {
                        "LAYER2": "PP CORE ACTIVITY",
                        "FIND": "PP-CORPORATE AFFAIRS"
                    },
                    {
                        "LAYER2": "PP CORE ACTIVITY",
                        "FIND": "PP-CORPORATE AFFAIRS"
                    },
                    {
                        "LAYER2": "PP CORE ACTIVITY",
                        "FIND": "PP-CORPORATE AFFAIRS"
                    },
                    {
                        "LAYER2": "PP CORE ACTIVITY",
                        "FIND": "PP-CORPORATE AFFAIRS"
                    },
                    {
                        "LAYER2": "ADMIN WORK",
                        "FIND": "PP-CORPORATE AFFAIRS"
                    },
                    {
                        "LAYER2": "PP CORE ACTIVITY",
                        "FIND": "PP-CORPORATE AFFAIRS"
                    }
                ]
            },
            {
                "LAYERx3": [
                    {
                        "LAYER3": "AFS PREPARATION - SYD",
                        "FIND": "PP CORE ACTIVITY",
                        "FINDM": "PP-CORPORATE AFFAIRS"
                    },
                    {
                        "LAYER3": "AFS REVIEW - SYD",
                        "FIND": "PP CORE ACTIVITY",
                        "FINDM": "PP-CORPORATE AFFAIRS"
                    },
                    {
                        "LAYER3": "ENGAGEMENT LETTER ",
                        "FIND": "PP CORE ACTIVITY",
                        "FINDM": "PP-CORPORATE AFFAIRS"
                    },
                    {
                        "LAYER3": "AFS PREPARATION - MELB",
                        "FIND": "PP CORE ACTIVITY",
                        "FINDM": "PP-CORPORATE AFFAIRS"
                    },
                    {
                        "LAYER3": "AFS REVIEW - MELB",
                        "FIND": "PP CORE ACTIVITY",
                        "FINDM": "PP-CORPORATE AFFAIRS"
                    },
                    {
                        "LAYER3": "POST INCORPORATION PREPARATION - MELB",
                        "FIND": "PP CORE ACTIVITY",
                        "FINDM": "PP-CORPORATE AFFAIRS"
                    },
                    {
                        "LAYER3": "POST INCORPORATION REVIEW - MELB",
                        "FIND": "PP CORE ACTIVITY",
                        "FINDM": "PP-CORPORATE AFFAIRS"
                    },
                    {
                        "LAYER3": "DIN Updation",
                        "FIND": "PP CORE ACTIVITY",
                        "FINDM": "PP-CORPORATE AFFAIRS"
                    },
                    {
                        "LAYER3": "AFS Mail Updation",
                        "FIND": "PP CORE ACTIVITY",
                        "FINDM": "PP-CORPORATE AFFAIRS"
                    },
                    {
                        "LAYER3": "Filing of Document in Premia",
                        "FIND": "PP CORE ACTIVITY",
                        "FINDM": "PP-CORPORATE AFFAIRS"
                    },
                    {
                        "LAYER3": "REVIEW",
                        "FIND": "PP CORE ACTIVITY",
                        "FINDM": "PP-CORPORATE AFFAIRS"
                    },
                    {
                        "LAYER3": "ADMIN WORK",
                        "FIND": "ADMIN WORK",
                        "FINDM": "PP-CORPORATE AFFAIRS"
                    },
                    {
                        "LAYER3": "Adhoc - Melb",
                        "FIND": "PP CORE ACTIVITY",
                        "FINDM": "PP-CORPORATE AFFAIRS"
                    }
                ]
            },
            {
                "LAYERx4": []
            },
            {
                "LAYERx5": []
            },
            {
                "LAYERx6": []
            },
            {
                "LAYERx7": []
            },
            {
                "LAYERx8": []
            }
        ]
    },
    {
        "SUTinfo": [
            {
                "AFS PREPARATION - SYD": "00:40:00"
            },
            {
                "AFS REVIEW - SYD": "00:15:00"
            },
            {
                "ENGAGEMENT LETTER ": "00:00:00"
            },
            {
                "AFS PREPARATION - MELB": "00:15:00"
            },
            {
                "AFS REVIEW - MELB": "00:12:00"
            },
            {
                "POST INCORPORATION PREPARATION - MELB": "00:40:00"
            },
            {
                "POST INCORPORATION REVIEW - MELB": "00:20:00"
            },
            {
                "DIN Updation": "00:06:00"
            },
            {
                "AFS Mail Updation": "00:06:00"
            },
            {
                "Filing of Document in Premia": "00:06:00"
            },
            {
                "REVIEW": "00:00:00"
            },
            {
                "ADMIN WORK": "00:00:00"
            },
            {
                "Adhoc - Melb": "00:00:00"
            }
        ]
    }
]