[
    {
        "configure": {
            "Team": "PP MELBOURNE CFO",
            "NOCol": "4"
        }
    },
    {
        "LAYER": [
            {
                "LAYERx1": [
                    {
                        "LAYER1": "ADMIN WORK",
                        "FIND": "null"
                    },
                    {
                        "LAYER1": "PP - SLADE BEVERAGES PTY LTD",
                        "FIND": "null"
                    }
                ]
            },
            {
                "LAYERx2": [
                    {
                        "LAYER2": "ADMIN WORK",
                        "FIND": "ADMIN WORK"
                    },
                    {
                        "LAYER2": "FIRST SPRING TRUST",
                        "FIND": "PP - SLADE BEVERAGES PTY LTD"
                    }
                ]
            },
            {
                "LAYERx3": [
                    {
                        "LAYER3": "TRAINING(1)",
                        "FIND": "ADMIN WORK",
                        "FINDM": "ADMIN WORK"
                    },
                    {
                        "LAYER3": "FINANCIALS ROLL FORWARD(2)",
                        "FIND": "FIRST SPRING TRUST",
                        "FINDM": "PP - SLADE BEVERAGES PTY LTD"
                    }
                ]
            },
            {
                "LAYERx4": []
            },
            {
                "LAYERx5": []
            },
            {
                "LAYERx6": []
            },
            {
                "LAYERx7": []
            },
            {
                "LAYERx8": []
            }
        ]
    },
    {
        "SUTinfo": [
            {
                "TRAINING(1)": "00:00:00"
            },
            {
                "FINANCIALS ROLL FORWARD(2)": "00:00:00"
            }
        ]
    }
]