[
    {
        "configure": {
            "Team": "Praaemium_Yerevan",
            "NOCol": "4"
        }
    },
    {
        "LAYER": [
            {
                "LAYERx1": [
                    {
                        "LAYER1": "Processor",
                        "FIND": "null"
                    }
                ]
            },
            {
                "LAYERx2": [
                    {
                        "LAYER2": "Admin",
                        "FIND": "Processor"
                    }
                ]
            },
            {
                "LAYERx3": [
                    {
                        "LAYER3": "Admin",
                        "FIND": "Admin",
                        "FINDM": "Processor"
                    }
                ]
            },
            {
                "LAYERx4": []
            },
            {
                "LAYERx5": []
            },
            {
                "LAYERx6": []
            },
            {
                "LAYERx7": []
            },
            {
                "LAYERx8": []
            }
        ]
    },
    {
        "SUTinfo": [
            {
                "Admin": "00:00:00"
            }
        ]
    }
]