[
    {
        "configure": {
            "Team": "SV PARTNERS",
            "NOCol": "4"
        }
    },
    {
        "LAYER": [
            {
                "LAYERx1": [
                    {
                        "LAYER1": "ADHOC",
                        "FIND": "null"
                    },
                    {
                        "LAYER1": "ADHOC",
                        "FIND": "null"
                    },
                    {
                        "LAYER1": "ADHOC",
                        "FIND": "null"
                    }
                ]
            },
            {
                "LAYERx2": [
                    {
                        "LAYER2": "ADHOC",
                        "FIND": "ADHOC"
                    },
                    {
                        "LAYER2": "ADHOC",
                        "FIND": "ADHOC"
                    },
                    {
                        "LAYER2": "ADHOC",
                        "FIND": "ADHOC"
                    }
                ]
            },
            {
                "LAYERx3": [
                    {
                        "LAYER3": "ADHOC(1)",
                        "FIND": "ADHOC",
                        "FINDM": "ADHOC"
                    },
                    {
                        "LAYER3": "Bank Statement",
                        "FIND": "ADHOC",
                        "FINDM": "ADHOC"
                    },
                    {
                        "LAYER3": "Excel Workings",
                        "FIND": "ADHOC",
                        "FINDM": "ADHOC"
                    }
                ]
            },
            {
                "LAYERx4": []
            },
            {
                "LAYERx5": []
            },
            {
                "LAYERx6": []
            },
            {
                "LAYERx7": []
            },
            {
                "LAYERx8": []
            }
        ]
    },
    {
        "SUTinfo": [
            {
                "ADHOC(1)": "00:00:00"
            },
            {
                "Bank Statement": "00:00:00"
            },
            {
                "Excel Workings": "00:00:00"
            }
        ]
    }
]