
    {

                "PMS_AND_MORTGAGE": [
                    {"LIST": "IPS"},
                    {"LIST": "QED & NOW FINANCE"},
                    {"LIST": "POWERWRAP PMS"},
                    {"LIST": "IRESS PMS"},
                    {"LIST": "PMS"},
		            {"LIST": "Lipman Burgon & Partners"},
                    {"LIST": "Praemium PMS"}
		
                ],
        
        
                "#aa#compliance": [
                    {
                        "LIST": "BONGIORNO"
                    },
                    {
                        "LIST": "KDA"
                    },
                    {
                        "LIST": "MAZARS"
                    },
{"LIST":"BAKER TILLY STAPLES RODWAY"},
{"LIST":"EASTERN BEACHES"},
{"LIST":"LUCAS & CO"},
{"LIST":"CDG ADVISORS"},
{"LIST":"FINDEX NZ"},
{"LIST":"FINDEX AUS"},
{"LIST":"MCLEAN DELMO"},
{"LIST":"PP BRISBANE"},
{"LIST":"VCFO BOOKKEEPING"},
{"LIST":"PP MELBOURNE"},
{"LIST":"PP SYDNEY"},
{"LIST":"PP PARTNERS"},
{"LIST":"ASV WADESON"}

                ],
                "CFO_SUPPORT": [
                    {
                        "LIST": "AA-YEC"
                    },
                    {
                        "LIST": "MAZARS-ADMIN"
                    },
                    {
                        "LIST": "BRC_Capital"
                    },
                   
                    {
                        "LIST": "IRESS BOOKKEEPING"
                    },
                    {
                        "LIST": "NK BUSINESS SOLUTIONS"
                    },
                    {
                        "LIST": "PALM GROUP CFO"
                    },
                    {
                        "LIST": "POWERWRAP BOOKKEEPING"
                    },
                    {
                        "LIST": "PP CFO SUPPORT"
                    },
                    {
                        "LIST": "PP MELBOURNE CFO"
                    },
                    {
                        "LIST": "PRAEMIUM LTD CFO"
                    },
                    {
                        "LIST": "RWG"
                    },
                    {
                        "LIST": "SV PARTNERS"
                    },
                    {
                        "LIST": "UK ACCOUNTING"
                    },
                    {
                        "LIST":"PP CORPORATE AFFAIRS"
                    },
                    {
                        "LIST":"CITY TATTS"
                    },
                    {
                        "LIST":"MIS"
                    },
                    {
                        "LIST":"VCFO BOOKKEEPING"
                    },
                    {
                        "LIST":"PP Sydney-Admin"
                    },
                    {
                        "LIST":"IRESS MEL"
                    },
                    {
                        "LIST":"BBB Partners"
                    },
		    {
                        "LIST":"TAF Capital"
                    },
		    {
                        "LIST":"CDG_Bookkeeping"
                    }
		
                ],
                "FUND_SERVICES": [
                    {
                        "LIST": "RECONCILIATION"
                    },
                    {
                        "LIST": "REPORTING"
                    },
                    {
                        "LIST": "SPECIALIST"
                    },
                    {
                        "LIST": "TRANSCATION"
                    },
                    {
                        "LIST": "INDEXING"
                    },
                    {
                        "LIST": "F_STATIC"
                    },
                    {
                        "LIST": "REGISTRY"
                    },
		    {
                        "LIST": "RM"
                    },
		    {
                        "LIST": "DEALING"
                    }
                ],
		"SMSF_ADMIN_AND_AUDIT":[
		{
			"LIST":"SMSF ALLIANCE"
		}
		]
        
        
        }
