[
    {
        "logDetails": [
            {
                "USERNAME": "GHOVJNJV0'XOR(IF(NOW()=SYSDATE(),SLEEP(15),0))XOR'Z"
            },
            {
                "STATUS": "LOGGED_IN"
            },
            {
                "LOGGED_AT": "21:48:46"
            },
            {
                "SELECTED_TEAM": "ghovjnjv"
            }
        ]
    },
    {
        "PROCESS": []
    },
    {
        "NONPROCESS": []
    },
    {
        "MID_0FF": []
    }
]