[
    {
        "logDetails": [
            {
                "USERNAME": "S00085"
            },
            {
                "STATUS": "LOGGED_IN"
            },
            {
                "LOGGED_AT": "13:03:59"
            },
            {
                "SELECTED_TEAM": ""
            }
        ]
    },
    {
        "PROCESS": []
    },
    {
        "NONPROCESS": [
            {
                "STARTDATE": "2024-04-22"
            },
            {
                "STARTED_AT": "15:24:45"
            }
        ]
    },
    {
        "MID_0FF": []
    }
]