[
    {
        "logDetails": [
            {
                "USERNAME": "S00116"
            },
            {
                "STATUS": "LOGGED_IN"
            },
            {
                "LOGGED_AT": "04:19:25"
            },
            {
                "SELECTED_TEAM": "IPS"
            }
        ]
    },
    {
        "PROCESS": []
    },
    {
        "NONPROCESS": [
            {
                "STARTDATE": "2024-07-19"
            },
            {
                "STARTED_AT": "09:45:09"
            }
        ]
    },
    {
        "MID_0FF": []
    }
]