[
    {
        "logDetails": [
            {
                "USERNAME": "S00249"
            },
            {
                "STATUS": "LOGGED_IN"
            },
            {
                "LOGGED_AT": "08:02:31"
            },
            {
                "SELECTED_TEAM": "PP CFO SUPPORT"
            }
        ]
    },
    {
        "PROCESS": [
            {
                "STARTDATE": "2024-07-19"
            },
            {
                "STARTED_AT": "08:02:33"
            }
        ]
    },
    {
        "NONPROCESS": [
            {
                "STARTDATE": "2024-07-19"
            },
            {
                "STARTED_AT": "09:11:43"
            }
        ]
    },
    {
        "MID_0FF": [
            {
                "STARTDATE": "2024-07-19"
            },
            {
                "STARTED_AT": "0:21:26"
            }
        ]
    }
]