[
    {
        "logDetails": [
            {
                "USERNAME": "S00381"
            },
            {
                "STATUS": "LOGGED_IN"
            },
            {
                "LOGGED_AT": "10:37:27"
            },
            {
                "SELECTED_TEAM": "PP Sydney-Admin"
            }
        ]
    },
    {
        "PROCESS": [
            {
                "STARTDATE": "2024-07-19"
            },
            {
                "STARTED_AT": "10:37:34"
            }
        ]
    },
    {
        "NONPROCESS": []
    },
    {
        "MID_0FF": []
    }
]