[
    {
        "logDetails": [
            {
                "USERNAME": "S00479"
            },
            {
                "STATUS": "LOGGED_IN"
            },
            {
                "LOGGED_AT": "11:45:53"
            },
            {
                "SELECTED_TEAM": "BAKER TILLY STAPLES RODWAY"
            }
        ]
    },
    {
        "PROCESS": []
    },
    {
        "NONPROCESS": [
            {
                "STARTDATE": "2023-07-19"
            },
            {
                "STARTED_AT": "11:47:54"
            }
        ]
    },
    {
        "MID_0FF": []
    }
]