[
    {
        "logDetails": [
            {
                "USERNAME": "S00458"
            },
            {
                "STATUS": "LOGGED_IN"
            },
            {
                "LOGGED_AT": "10:40:42"
            },
            {
                "SELECTED_TEAM": ""
            }
        ]
    },
    {
        "PROCESS": []
    },
    {
        "NONPROCESS": [
            {
                "STARTDATE": "2024-07-18"
            },
            {
                "STARTED_AT": "09:42:37"
            }
        ]
    },
    {
        "MID_0FF": []
    }
]