[
    {
        "logDetails": [
            {
                "USERNAME": "S00588"
            },
            {
                "STATUS": "LOGGED_IN"
            },
            {
                "LOGGED_AT": "04:28:35"
            },
            {
                "SELECTED_TEAM": "RECONCILIATION"
            }
        ]
    },
    {
        "PROCESS": [
            {
                "STARTDATE": "2024-07-19"
            },
            {
                "STARTED_AT": "04:28:42"
            }
        ]
    },
    {
        "NONPROCESS": [
            {
                "STARTDATE": "2024-07-19"
            },
            {
                "STARTED_AT": "09:59:43"
            }
        ]
    },
    {
        "MID_0FF": [
            {
                "STARTDATE": "2024-07-19"
            },
            {
                "STARTED_AT": "05:30:49"
            }
        ]
    }
]