[
    {
        "logDetails": [
            {
                "USERNAME": "S01081"
            },
            {
                "STATUS": "LOGGED_IN"
            },
            {
                "LOGGED_AT": "14:59:36"
            },
            {
                "SELECTED_TEAM": "MAZARS"
            }
        ]
    },
    {
        "PROCESS": [
            {
                "STARTDATE": "2023-06-07"
            },
            {
                "STARTED_AT": "11:12:06"
            }
        ]
    },
    {
        "NONPROCESS": [
            {
                "STARTDATE": "2024-05-30"
            },
            {
                "STARTED_AT": "09:34:33"
            }
        ]
    },
    {
        "MID_0FF": [
            {
                "STARTDATE": "2023-06-07"
            },
            {
                "STARTED_AT": "00:40:51"
            }
        ]
    }
]