[
    {
        "logDetails": [
            {
                "USERNAME": "S01317"
            },
            {
                "STATUS": "LOGGED_IN"
            },
            {
                "LOGGED_AT": "10:09:56"
            },
            {
                "SELECTED_TEAM": "ASV WADESON"
            }
        ]
    },
    {
        "PROCESS": []
    },
    {
        "NONPROCESS": [
            {
                "STARTDATE": "2024-05-27"
            },
            {
                "STARTED_AT": "18:04:44"
            }
        ]
    },
    {
        "MID_0FF": []
    }
]