[
    {
        "logDetails": [
            {
                "USERNAME": "S01582"
            },
            {
                "STATUS": "LOGGED_IN"
            },
            {
                "LOGGED_AT": "16:02:00"
            },
            {
                "SELECTED_TEAM": ""
            }
        ]
    },
    {
        "PROCESS": []
    },
    {
        "NONPROCESS": [
            {
                "STARTDATE": "2024-07-03"
            },
            {
                "STARTED_AT": "06:55:16"
            }
        ]
    },
    {
        "MID_0FF": []
    }
]