[
    {
        "logDetails": [
            {
                "USERNAME": "S01679"
            },
            {
                "STATUS": "LOGGED_IN"
            },
            {
                "LOGGED_AT": "07:03:50"
            },
            {
                "SELECTED_TEAM": ""
            }
        ]
    },
    {
        "PROCESS": []
    },
    {
        "NONPROCESS": [
            {
                "STARTDATE": "2024-03-04"
            },
            {
                "STARTED_AT": "09:51:40"
            }
        ]
    },
    {
        "MID_0FF": []
    }
]