[
    {
        "logDetails": [
            {
                "USERNAME": "S01817"
            },
            {
                "STATUS": "LOGGED_IN"
            },
            {
                "LOGGED_AT": "16:59:15"
            },
            {
                "SELECTED_TEAM": ""
            }
        ]
    },
    {
        "PROCESS": []
    },
    {
        "NONPROCESS": [
            {
                "STARTDATE": "2024-06-24"
            },
            {
                "STARTED_AT": "13:50:04"
            }
        ]
    },
    {
        "MID_0FF": []
    }
]