[
    {
        "logDetails": [
            {
                "USERNAME": "S01846"
            },
            {
                "STATUS": "LOGGED_IN"
            },
            {
                "LOGGED_AT": "10:32:26"
            },
            {
                "SELECTED_TEAM": "PP CFO SUPPORT"
            }
        ]
    },
    {
        "PROCESS": [
            {
                "STARTDATE": "2023-07-31"
            },
            {
                "STARTED_AT": "10:32:33"
            }
        ]
    },
    {
        "NONPROCESS": []
    },
    {
        "MID_0FF": []
    }
]