[
    {
        "logDetails": [
            {
                "USERNAME": "S01856"
            },
            {
                "STATUS": "LOGGED_IN"
            },
            {
                "LOGGED_AT": "10:03:03"
            },
            {
                "SELECTED_TEAM": "IRESS BOOKKEEPING"
            }
        ]
    },
    {
        "PROCESS": [
            {
                "STARTDATE": "2023-07-28"
            },
            {
                "STARTED_AT": "10:03:09"
            }
        ]
    },
    {
        "NONPROCESS": [
            {
                "STARTDATE": "2023-07-29"
            },
            {
                "STARTED_AT": "10:37:57"
            }
        ]
    },
    {
        "MID_0FF": []
    }
]