[
    {
        "logDetails": [
            {
                "USERNAME": "S02063"
            },
            {
                "STATUS": "LOGGED_IN"
            },
            {
                "LOGGED_AT": "08:33:28"
            },
            {
                "SELECTED_TEAM": ""
            }
        ]
    },
    {
        "PROCESS": []
    },
    {
        "NONPROCESS": [
            {
                "STARTDATE": "2024-07-03"
            },
            {
                "STARTED_AT": "08:23:58"
            }
        ]
    },
    {
        "MID_0FF": []
    }
]