[
    {
        "logDetails": [
            {
                "USERNAME": "S02119"
            },
            {
                "STATUS": "LOGGED_IN"
            },
            {
                "LOGGED_AT": "10:11:04"
            },
            {
                "SELECTED_TEAM": "MAZARS"
            }
        ]
    },
    {
        "PROCESS": [
            {
                "STARTDATE": "2023-07-24"
            },
            {
                "STARTED_AT": "11:10:44"
            }
        ]
    },
    {
        "NONPROCESS": [
            {
                "STARTDATE": "2023-07-31"
            },
            {
                "STARTED_AT": "10:43:32"
            }
        ]
    },
    {
        "MID_0FF": []
    }
]