[
    {
        "logDetails": [
            {
                "USERNAME": "S02240"
            },
            {
                "STATUS": "LOGGED_IN"
            },
            {
                "LOGGED_AT": "06:37:33"
            },
            {
                "SELECTED_TEAM": "BAKER TILLY STAPLES RODWAY"
            }
        ]
    },
    {
        "PROCESS": [
            {
                "STARTDATE": "2023-07-27"
            },
            {
                "STARTED_AT": "08:23:44"
            }
        ]
    },
    {
        "NONPROCESS": [
            {
                "STARTDATE": "2023-07-27"
            },
            {
                "STARTED_AT": "14:01:44"
            }
        ]
    },
    {
        "MID_0FF": {
            "STARTED_AT": "00:00:00"
        }
    }
]