[
    {
        "logDetails": [
            {
                "USERNAME": "S02582"
            },
            {
                "STATUS": "LOGGED_IN"
            },
            {
                "LOGGED_AT": "14:00:54"
            },
            {
                "SELECTED_TEAM": ""
            }
        ]
    },
    {
        "PROCESS": []
    },
    {
        "NONPROCESS": [
            {
                "STARTDATE": "2023-05-26"
            },
            {
                "STARTED_AT": "10:01:32"
            }
        ]
    },
    {
        "MID_0FF": []
    }
]