[
    {
        "logDetails": [
            {
                "USERNAME": "S02646"
            },
            {
                "STATUS": "LOGGED_IN"
            },
            {
                "LOGGED_AT": "04:34:51"
            },
            {
                "SELECTED_TEAM": "RM"
            }
        ]
    },
    {
        "PROCESS": [
            {
                "STARTDATE": "2024-07-19"
            },
            {
                "STARTED_AT": "09:20:45"
            }
        ]
    },
    {
        "NONPROCESS": [
            {
                "STARTDATE": "2024-07-19"
            },
            {
                "STARTED_AT": "09:50:37"
            }
        ]
    },
    {
        "MID_0FF": [
            {
                "STARTDATE": "2024-07-19"
            },
            {
                "STARTED_AT": "0:41:05"
            }
        ]
    }
]