[
    {
        "logDetails": [
            {
                "USERNAME": "S02712"
            },
            {
                "STATUS": "LOGGED_IN"
            },
            {
                "LOGGED_AT": "08:45:50"
            },
            {
                "SELECTED_TEAM": "SPECIALIST"
            }
        ]
    },
    {
        "PROCESS": [
            {
                "STARTDATE": "2024-07-19"
            },
            {
                "STARTED_AT": "08:45:55"
            }
        ]
    },
    {
        "NONPROCESS": [
            {
                "STARTDATE": "2024-07-19"
            },
            {
                "STARTED_AT": "08:47:50"
            }
        ]
    },
    {
        "MID_0FF": [
            {
                "STARTDATE": "2024-07-19"
            },
            {
                "STARTED_AT": "0:24:00"
            }
        ]
    }
]