[
    {
        "logDetails": [
            {
                "USERNAME": "S02738"
            },
            {
                "STATUS": "LOGGED_IN"
            },
            {
                "LOGGED_AT": "06:30:30"
            },
            {
                "SELECTED_TEAM": "Lipman Burgon & Partners"
            }
        ]
    },
    {
        "PROCESS": [
            {
                "STARTDATE": "2024-07-19"
            },
            {
                "STARTED_AT": "10:14:41"
            }
        ]
    },
    {
        "NONPROCESS": [
            {
                "STARTDATE": "2024-07-19"
            },
            {
                "STARTED_AT": "10:18:39"
            }
        ]
    },
    {
        "MID_0FF": []
    }
]