[
    {
        "logDetails": [
            {
                "USERNAME": "S02808"
            },
            {
                "STATUS": "LOGGED_IN"
            },
            {
                "LOGGED_AT": "08:57:09"
            },
            {
                "SELECTED_TEAM": "IRESS PMS"
            }
        ]
    },
    {
        "PROCESS": [
            {
                "STARTDATE": "2024-07-19"
            },
            {
                "STARTED_AT": "10:23:33"
            }
        ]
    },
    {
        "NONPROCESS": [
            {
                "STARTDATE": "2024-07-19"
            },
            {
                "STARTED_AT": "09:57:38"
            }
        ]
    },
    {
        "MID_0FF": [
            {
                "STARTDATE": "2024-07-19"
            },
            {
                "STARTED_AT": "0:04:29"
            }
        ]
    }
]