[
    {
        "logDetails": [
            {
                "USERNAME": "S03356"
            },
            {
                "STATUS": "LOGGED_IN"
            },
            {
                "LOGGED_AT": "06:34:18"
            },
            {
                "SELECTED_TEAM": "DEALING"
            }
        ]
    },
    {
        "PROCESS": [
            {
                "STARTDATE": "2024-07-19"
            },
            {
                "STARTED_AT": "09:53:50"
            }
        ]
    },
    {
        "NONPROCESS": [
            {
                "STARTDATE": "2024-07-19"
            },
            {
                "STARTED_AT": "07:04:31"
            }
        ]
    },
    {
        "MID_0FF": {
            "STARTED_AT": "00:00:00"
        }
    }
]