[
    {
        "logDetails": [
            {
                "USERNAME": "S03391"
            },
            {
                "STATUS": "LOGGED_IN"
            },
            {
                "LOGGED_AT": "06:44:09"
            },
            {
                "SELECTED_TEAM": "TRANSCATION"
            }
        ]
    },
    {
        "PROCESS": [
            {
                "STARTDATE": "2024-07-19"
            },
            {
                "STARTED_AT": "10:06:33"
            }
        ]
    },
    {
        "NONPROCESS": [
            {
                "STARTDATE": "2024-07-19"
            },
            {
                "STARTED_AT": "06:46:10"
            }
        ]
    },
    {
        "MID_0FF": []
    }
]