[
    {
        "logDetails": [
            {
                "USERNAME": "S03452"
            },
            {
                "STATUS": "LOGGED_IN"
            },
            {
                "LOGGED_AT": "09:04:39"
            },
            {
                "SELECTED_TEAM": "IRESS PMS"
            }
        ]
    },
    {
        "PROCESS": [
            {
                "STARTDATE": "2023-07-28"
            },
            {
                "STARTED_AT": "11:23:57"
            }
        ]
    },
    {
        "NONPROCESS": [
            {
                "STARTDATE": "2023-07-28"
            },
            {
                "STARTED_AT": "09:54:56"
            }
        ]
    },
    {
        "MID_0FF": {
            "STARTED_AT": "00:00:00"
        }
    }
]