[
    {
        "logDetails": [
            {
                "USERNAME": "S03480"
            },
            {
                "STATUS": "LOGGED_IN"
            },
            {
                "LOGGED_AT": "04:49:07"
            },
            {
                "SELECTED_TEAM": "REGISTRY"
            }
        ]
    },
    {
        "PROCESS": [
            {
                "STARTDATE": "2024-07-19"
            },
            {
                "STARTED_AT": "08:42:02"
            }
        ]
    },
    {
        "NONPROCESS": [
            {
                "STARTDATE": "2024-07-19"
            },
            {
                "STARTED_AT": "09:48:53"
            }
        ]
    },
    {
        "MID_0FF": []
    }
]