[
    {
        "logDetails": [
            {
                "USERNAME": "S03471"
            },
            {
                "STATUS": "LOGGED_IN"
            },
            {
                "LOGGED_AT": "10:47:51"
            },
            {
                "SELECTED_TEAM": ""
            }
        ]
    },
    {
        "PROCESS": []
    },
    {
        "NONPROCESS": [
            {
                "STARTDATE": "2024-07-04"
            },
            {
                "STARTED_AT": "16:29:17"
            }
        ]
    },
    {
        "MID_0FF": []
    }
]