[
    {
        "logDetails": [
            {
                "USERNAME": "S03499"
            },
            {
                "STATUS": "LOGGED_IN"
            },
            {
                "LOGGED_AT": "08:58:31"
            },
            {
                "SELECTED_TEAM": "PP SYDNEY"
            }
        ]
    },
    {
        "PROCESS": []
    },
    {
        "NONPROCESS": [
            {
                "STARTDATE": "2023-09-15"
            },
            {
                "STARTED_AT": "09:10:47"
            }
        ]
    },
    {
        "MID_0FF": []
    }
]