[
    {
        "logDetails": [
            {
                "USERNAME": "S03424"
            },
            {
                "STATUS": "LOGGED_IN"
            },
            {
                "LOGGED_AT": "09:27:30"
            },
            {
                "SELECTED_TEAM": "REGISTRY"
            }
        ]
    },
    {
        "PROCESS": [
            {
                "STARTDATE": "2024-07-19"
            },
            {
                "STARTED_AT": "09:28:01"
            }
        ]
    },
    {
        "NONPROCESS": [
            {
                "STARTDATE": "2024-07-19"
            },
            {
                "STARTED_AT": "10:16:42"
            }
        ]
    },
    {
        "MID_0FF": [
            {
                "STARTDATE": "2024-07-19"
            },
            {
                "STARTED_AT": "00:42:00"
            }
        ]
    }
]