[
    {
        "logDetails": [
            {
                "USERNAME": "S03481"
            },
            {
                "STATUS": "LOGGED_IN"
            },
            {
                "LOGGED_AT": "04:36:20"
            },
            {
                "SELECTED_TEAM": "DEALING"
            }
        ]
    },
    {
        "PROCESS": [
            {
                "STARTDATE": "2024-07-19"
            },
            {
                "STARTED_AT": "09:55:55"
            }
        ]
    },
    {
        "NONPROCESS": []
    },
    {
        "MID_0FF": []
    }
]