[
    {
        "logDetails": [
            {
                "USERNAME": "S03429"
            },
            {
                "STATUS": "LOGGED_IN"
            },
            {
                "LOGGED_AT": "06:28:10"
            },
            {
                "SELECTED_TEAM": "QED & NOW FINANCE"
            }
        ]
    },
    {
        "PROCESS": [
            {
                "STARTDATE": "2024-07-19"
            },
            {
                "STARTED_AT": "06:28:12"
            }
        ]
    },
    {
        "NONPROCESS": [
            {
                "STARTDATE": "2024-07-19"
            },
            {
                "STARTED_AT": "09:21:54"
            }
        ]
    },
    {
        "MID_0FF": [
            {
                "STARTDATE": "2024-07-19"
            },
            {
                "STARTED_AT": "01:46:48"
            }
        ]
    }
]