[
    {
        "logDetails": [
            {
                "USERNAME": "S03547"
            },
            {
                "STATUS": "LOGGED_IN"
            },
            {
                "LOGGED_AT": "06:36:16"
            },
            {
                "SELECTED_TEAM": "REGISTRY"
            }
        ]
    },
    {
        "PROCESS": []
    },
    {
        "NONPROCESS": [
            {
                "STARTDATE": "2024-01-12"
            },
            {
                "STARTED_AT": "12:24:55"
            }
        ]
    },
    {
        "MID_0FF": []
    }
]