[
    {
        "logDetails": [
            {
                "USERNAME": "S03562"
            },
            {
                "STATUS": "LOGGED_IN"
            },
            {
                "LOGGED_AT": "08:55:18"
            },
            {
                "SELECTED_TEAM": "REPORTING"
            }
        ]
    },
    {
        "PROCESS": []
    },
    {
        "NONPROCESS": [
            {
                "STARTDATE": "2023-10-18"
            },
            {
                "STARTED_AT": "12:35:41"
            }
        ]
    },
    {
        "MID_0FF": []
    }
]