[
    {
        "logDetails": [
            {
                "USERNAME": "S03539"
            },
            {
                "STATUS": "LOGGED_IN"
            },
            {
                "LOGGED_AT": "08:16:12"
            },
            {
                "SELECTED_TEAM": "QED & NOW FINANCE"
            }
        ]
    },
    {
        "PROCESS": [
            {
                "STARTDATE": "2024-03-18"
            },
            {
                "STARTED_AT": "08:16:14"
            }
        ]
    },
    {
        "NONPROCESS": [
            {
                "STARTDATE": "2024-03-18"
            },
            {
                "STARTED_AT": "12:02:50"
            }
        ]
    },
    {
        "MID_0FF": [
            {
                "STARTDATE": "2024-03-18"
            },
            {
                "STARTED_AT": "01:07:34"
            }
        ]
    }
]