[
    {
        "logDetails": [
            {
                "USERNAME": "S03516"
            },
            {
                "STATUS": "LOGGED_IN"
            },
            {
                "LOGGED_AT": "06:46:10"
            },
            {
                "SELECTED_TEAM": "REGISTRY"
            }
        ]
    },
    {
        "PROCESS": [
            {
                "STARTDATE": "2023-11-10"
            },
            {
                "STARTED_AT": "10:19:40"
            }
        ]
    },
    {
        "NONPROCESS": [
            {
                "STARTDATE": "2023-11-16"
            },
            {
                "STARTED_AT": "09:57:24"
            }
        ]
    },
    {
        "MID_0FF": []
    }
]