[
    {
        "logDetails": [
            {
                "USERNAME": "S03504"
            },
            {
                "STATUS": "LOGGED_IN"
            },
            {
                "LOGGED_AT": "08:23:49"
            },
            {
                "SELECTED_TEAM": "IRESS BOOKKEEPING"
            }
        ]
    },
    {
        "PROCESS": [
            {
                "STARTDATE": "2022-12-07"
            },
            {
                "STARTED_AT": "08:24:01"
            }
        ]
    },
    {
        "NONPROCESS": [
            {
                "STARTDATE": "2022-12-08"
            },
            {
                "STARTED_AT": "16:26:13"
            }
        ]
    },
    {
        "MID_0FF": [
            {
                "STARTDATE": "2022-12-07"
            },
            {
                "STARTED_AT": "07:59:23"
            }
        ]
    }
]