[
    {
        "logDetails": [
            {
                "USERNAME": "S03542"
            },
            {
                "STATUS": "LOGGED_IN"
            },
            {
                "LOGGED_AT": "06:19:32"
            },
            {
                "SELECTED_TEAM": "PP SYDNEY"
            }
        ]
    },
    {
        "PROCESS": []
    },
    {
        "NONPROCESS": [
            {
                "STARTDATE": "2023-07-21"
            },
            {
                "STARTED_AT": "12:15:01"
            }
        ]
    },
    {
        "MID_0FF": []
    }
]