[
    {
        "logDetails": [
            {
                "USERNAME": "S03568"
            },
            {
                "STATUS": "LOGGED_IN"
            },
            {
                "LOGGED_AT": "06:59:01"
            },
            {
                "SELECTED_TEAM": "PP MELBOURNE"
            }
        ]
    },
    {
        "PROCESS": []
    },
    {
        "NONPROCESS": [
            {
                "STARTDATE": "2023-07-18"
            },
            {
                "STARTED_AT": "06:59:09"
            }
        ]
    },
    {
        "MID_0FF": []
    }
]