[
    {
        "logDetails": [
            {
                "USERNAME": "S03567"
            },
            {
                "STATUS": "LOGGED_IN"
            },
            {
                "LOGGED_AT": "09:18:07"
            },
            {
                "SELECTED_TEAM": "PP MELBOURNE"
            }
        ]
    },
    {
        "PROCESS": [
            {
                "STARTDATE": "2023-08-21"
            },
            {
                "STARTED_AT": "09:25:26"
            }
        ]
    },
    {
        "NONPROCESS": [
            {
                "STARTDATE": "2023-08-21"
            },
            {
                "STARTED_AT": "11:38:29"
            }
        ]
    },
    {
        "MID_0FF": []
    }
]