[
    {
        "logDetails": [
            {
                "USERNAME": "S03627"
            },
            {
                "STATUS": "LOGGED_IN"
            },
            {
                "LOGGED_AT": "08:39:38"
            },
            {
                "SELECTED_TEAM": "DEALING"
            }
        ]
    },
    {
        "PROCESS": [
            {
                "STARTDATE": "2024-07-19"
            },
            {
                "STARTED_AT": "10:00:47"
            }
        ]
    },
    {
        "NONPROCESS": [
            {
                "STARTDATE": "2024-07-19"
            },
            {
                "STARTED_AT": "10:00:39"
            }
        ]
    },
    {
        "MID_0FF": []
    }
]