[
    {
        "logDetails": [
            {
                "USERNAME": "S03647"
            },
            {
                "STATUS": "LOGGED_IN"
            },
            {
                "LOGGED_AT": "06:30:14"
            },
            {
                "SELECTED_TEAM": "QED & NOW FINANCE"
            }
        ]
    },
    {
        "PROCESS": []
    },
    {
        "NONPROCESS": [
            {
                "STARTDATE": "2024-03-14"
            },
            {
                "STARTED_AT": "13:39:07"
            }
        ]
    },
    {
        "MID_0FF": []
    }
]