[
    {
        "logDetails": [
            {
                "USERNAME": "S03617"
            },
            {
                "STATUS": "LOGGED_IN"
            },
            {
                "LOGGED_AT": "07:11:13"
            },
            {
                "SELECTED_TEAM": "IPS"
            }
        ]
    },
    {
        "PROCESS": [
            {
                "STARTDATE": "2023-07-31"
            },
            {
                "STARTED_AT": "10:27:53"
            }
        ]
    },
    {
        "NONPROCESS": [
            {
                "STARTDATE": "2023-07-31"
            },
            {
                "STARTED_AT": "11:14:48"
            }
        ]
    },
    {
        "MID_0FF": [
            {
                "STARTDATE": "2023-07-31"
            },
            {
                "STARTED_AT": "0:32:34"
            }
        ]
    }
]