[
    {
        "logDetails": [
            {
                "USERNAME": "S03684"
            },
            {
                "STATUS": "LOGGED_IN"
            },
            {
                "LOGGED_AT": "06:27:59"
            },
            {
                "SELECTED_TEAM": "ASV WADESON"
            }
        ]
    },
    {
        "PROCESS": []
    },
    {
        "NONPROCESS": [
            {
                "STARTDATE": "2023-07-18"
            },
            {
                "STARTED_AT": "06:28:02"
            }
        ]
    },
    {
        "MID_0FF": []
    }
]