[
    {
        "logDetails": [
            {
                "USERNAME": "S03616"
            },
            {
                "STATUS": "LOGGED_IN"
            },
            {
                "LOGGED_AT": "09:11:07"
            },
            {
                "SELECTED_TEAM": "SV PARTNERS"
            }
        ]
    },
    {
        "PROCESS": [
            {
                "STARTDATE": "2023-06-15"
            },
            {
                "STARTED_AT": "13:56:08"
            }
        ]
    },
    {
        "NONPROCESS": [
            {
                "STARTDATE": "2023-06-15"
            },
            {
                "STARTED_AT": "13:55:54"
            }
        ]
    },
    {
        "MID_0FF": []
    }
]