[
    {
        "logDetails": [
            {
                "USERNAME": "S03625"
            },
            {
                "STATUS": "LOGGED_IN"
            },
            {
                "LOGGED_AT": "06:34:30"
            },
            {
                "SELECTED_TEAM": "IRESS PMS"
            }
        ]
    },
    {
        "PROCESS": [
            {
                "STARTDATE": "2024-07-19"
            },
            {
                "STARTED_AT": "09:42:53"
            }
        ]
    },
    {
        "NONPROCESS": [
            {
                "STARTDATE": "2024-07-19"
            },
            {
                "STARTED_AT": "08:50:57"
            }
        ]
    },
    {
        "MID_0FF": {
            "STARTED_AT": "00:00:00"
        }
    }
]