[
    {
        "logDetails": [
            {
                "USERNAME": "S03620"
            },
            {
                "STATUS": "LOGGED_IN"
            },
            {
                "LOGGED_AT": "08:00:40"
            },
            {
                "SELECTED_TEAM": "UK ACCOUNTING"
            }
        ]
    },
    {
        "PROCESS": [
            {
                "STARTDATE": "2024-06-05"
            },
            {
                "STARTED_AT": "08:00:42"
            }
        ]
    },
    {
        "NONPROCESS": [
            {
                "STARTDATE": "2024-06-06"
            },
            {
                "STARTED_AT": "14:30:10"
            }
        ]
    },
    {
        "MID_0FF": [
            {
                "STARTDATE": "2024-06-05"
            },
            {
                "STARTED_AT": "01:02:23"
            }
        ]
    }
]