[
    {
        "logDetails": [
            {
                "USERNAME": "S03683"
            },
            {
                "STATUS": "LOGGED_IN"
            },
            {
                "LOGGED_AT": "17:05:52"
            },
            {
                "SELECTED_TEAM": "SV PARTNERS"
            }
        ]
    },
    {
        "PROCESS": [
            {
                "STARTDATE": "2023-05-04"
            },
            {
                "STARTED_AT": "13:43:59"
            }
        ]
    },
    {
        "NONPROCESS": [
            {
                "STARTDATE": "2023-05-04"
            },
            {
                "STARTED_AT": "13:43:10"
            }
        ]
    },
    {
        "MID_0FF": [
            {
                "STARTDATE": "2023-05-03"
            },
            {
                "STARTED_AT": "00:41:24"
            }
        ]
    }
]