[
    {
        "logDetails": [
            {
                "USERNAME": "S03660"
            },
            {
                "STATUS": "LOGGED_IN"
            },
            {
                "LOGGED_AT": "11:27:13"
            },
            {
                "SELECTED_TEAM": "PALM GROUP CFO"
            }
        ]
    },
    {
        "PROCESS": []
    },
    {
        "NONPROCESS": [
            {
                "STARTDATE": "2023-07-11"
            },
            {
                "STARTED_AT": "13:00:56"
            }
        ]
    },
    {
        "MID_0FF": []
    }
]