[
    {
        "logDetails": [
            {
                "USERNAME": "S03678"
            },
            {
                "STATUS": "LOGGED_IN"
            },
            {
                "LOGGED_AT": "06:22:08"
            },
            {
                "SELECTED_TEAM": "PP Sydney-Admin"
            }
        ]
    },
    {
        "PROCESS": [
            {
                "STARTDATE": "2024-07-19"
            },
            {
                "STARTED_AT": "09:21:08"
            }
        ]
    },
    {
        "NONPROCESS": [
            {
                "STARTDATE": "2024-07-19"
            },
            {
                "STARTED_AT": "08:42:08"
            }
        ]
    },
    {
        "MID_0FF": []
    }
]