[
    {
        "logDetails": [
            {
                "USERNAME": "S03698"
            },
            {
                "STATUS": "LOGGED_IN"
            },
            {
                "LOGGED_AT": "07:05:48"
            },
            {
                "SELECTED_TEAM": "RM"
            }
        ]
    },
    {
        "PROCESS": [
            {
                "STARTDATE": "2024-07-19"
            },
            {
                "STARTED_AT": "07:47:14"
            }
        ]
    },
    {
        "NONPROCESS": [
            {
                "STARTDATE": "2024-07-19"
            },
            {
                "STARTED_AT": "09:18:59"
            }
        ]
    },
    {
        "MID_0FF": [
            {
                "STARTDATE": "2024-07-19"
            },
            {
                "STARTED_AT": "0:32:37"
            }
        ]
    }
]