[
    {
        "logDetails": [
            {
                "USERNAME": "S03680"
            },
            {
                "STATUS": "LOGGED_IN"
            },
            {
                "LOGGED_AT": "07:19:46"
            },
            {
                "SELECTED_TEAM": "BONGIORNO"
            }
        ]
    },
    {
        "PROCESS": [
            {
                "STARTDATE": "2023-07-19"
            },
            {
                "STARTED_AT": "07:19:48"
            }
        ]
    },
    {
        "NONPROCESS": []
    },
    {
        "MID_0FF": []
    }
]