[
    {
        "logDetails": [
            {
                "USERNAME": "S03789"
            },
            {
                "STATUS": "LOGGED_IN"
            },
            {
                "LOGGED_AT": "06:19:51"
            },
            {
                "SELECTED_TEAM": "EASTERN BEACHES"
            }
        ]
    },
    {
        "PROCESS": []
    },
    {
        "NONPROCESS": [
            {
                "STARTDATE": "2023-10-04"
            },
            {
                "STARTED_AT": "14:35:51"
            }
        ]
    },
    {
        "MID_0FF": []
    }
]