[
    {
        "logDetails": [
            {
                "USERNAME": "S03771"
            },
            {
                "STATUS": "LOGGED_IN"
            },
            {
                "LOGGED_AT": "07:05:39"
            },
            {
                "SELECTED_TEAM": "PALM GROUP CFO"
            }
        ]
    },
    {
        "PROCESS": [
            {
                "STARTDATE": "2023-07-31"
            },
            {
                "STARTED_AT": "10:10:23"
            }
        ]
    },
    {
        "NONPROCESS": [
            {
                "STARTDATE": "2023-07-31"
            },
            {
                "STARTED_AT": "08:51:04"
            }
        ]
    },
    {
        "MID_0FF": {
            "STARTED_AT": "00:00:00"
        }
    }
]