[
    {
        "logDetails": [
            {
                "USERNAME": "S03743"
            },
            {
                "STATUS": "LOGGED_IN"
            },
            {
                "LOGGED_AT": "09:55:58"
            },
            {
                "SELECTED_TEAM": "TRANSCATION"
            }
        ]
    },
    {
        "PROCESS": [
            {
                "STARTDATE": "2024-07-19"
            },
            {
                "STARTED_AT": "10:34:33"
            }
        ]
    },
    {
        "NONPROCESS": [
            {
                "STARTDATE": "2024-07-19"
            },
            {
                "STARTED_AT": "10:34:33"
            }
        ]
    },
    {
        "MID_0FF": []
    }
]