[
    {
        "logDetails": [
            {
                "USERNAME": "S03770"
            },
            {
                "STATUS": "LOGGED_IN"
            },
            {
                "LOGGED_AT": "06:32:16"
            },
            {
                "SELECTED_TEAM": "BRC_Capital"
            }
        ]
    },
    {
        "PROCESS": [
            {
                "STARTDATE": "2023-10-13"
            },
            {
                "STARTED_AT": "06:32:26"
            }
        ]
    },
    {
        "NONPROCESS": [
            {
                "STARTDATE": "2023-10-19"
            },
            {
                "STARTED_AT": "06:23:00"
            }
        ]
    },
    {
        "MID_0FF": [
            {
                "STARTDATE": "2023-10-13"
            },
            {
                "STARTED_AT": "1:07:03"
            }
        ]
    }
]