[
    {
        "logDetails": [
            {
                "USERNAME": "S03778"
            },
            {
                "STATUS": "LOGGED_IN"
            },
            {
                "LOGGED_AT": "11:13:21"
            },
            {
                "SELECTED_TEAM": "EASTERN BEACHES"
            }
        ]
    },
    {
        "PROCESS": [
            {
                "STARTDATE": "2023-07-19"
            },
            {
                "STARTED_AT": "11:13:23"
            }
        ]
    },
    {
        "NONPROCESS": [
            {
                "STARTDATE": "2023-07-19"
            },
            {
                "STARTED_AT": "11:13:25"
            }
        ]
    },
    {
        "MID_0FF": []
    }
]