[
    {
        "logDetails": [
            {
                "USERNAME": "S03774"
            },
            {
                "STATUS": "LOGGED_IN"
            },
            {
                "LOGGED_AT": "08:06:11"
            },
            {
                "SELECTED_TEAM": "BAKER TILLY STAPLES RODWAY"
            }
        ]
    },
    {
        "PROCESS": [
            {
                "STARTDATE": "2023-07-19"
            },
            {
                "STARTED_AT": "08:53:25"
            }
        ]
    },
    {
        "NONPROCESS": [
            {
                "STARTDATE": "2023-07-21"
            },
            {
                "STARTED_AT": "07:40:44"
            }
        ]
    },
    {
        "MID_0FF": {
            "STARTED_AT": "00:00:00"
        }
    }
]