[
    {
        "logDetails": [
            {
                "USERNAME": "S03748"
            },
            {
                "STATUS": "LOGGED_IN"
            },
            {
                "LOGGED_AT": "06:28:17"
            },
            {
                "SELECTED_TEAM": "IPS"
            }
        ]
    },
    {
        "PROCESS": [
            {
                "STARTDATE": "2024-07-19"
            },
            {
                "STARTED_AT": "08:48:19"
            }
        ]
    },
    {
        "NONPROCESS": [
            {
                "STARTDATE": "2024-07-19"
            },
            {
                "STARTED_AT": "10:32:03"
            }
        ]
    },
    {
        "MID_0FF": []
    }
]