[
    {
        "logDetails": [
            {
                "USERNAME": "S03719"
            },
            {
                "STATUS": "LOGGED_IN"
            },
            {
                "LOGGED_AT": "06:47:28"
            },
            {
                "SELECTED_TEAM": "POWERWRAP BOOKKEEPING"
            }
        ]
    },
    {
        "PROCESS": [
            {
                "STARTDATE": "2023-11-17"
            },
            {
                "STARTED_AT": "09:10:49"
            }
        ]
    },
    {
        "NONPROCESS": [
            {
                "STARTDATE": "2024-05-06"
            },
            {
                "STARTED_AT": "06:38:43"
            }
        ]
    },
    {
        "MID_0FF": {
            "STARTED_AT": "00:00:00"
        }
    }
]