[
    {
        "logDetails": [
            {
                "USERNAME": "S03735"
            },
            {
                "STATUS": "LOGGED_IN"
            },
            {
                "LOGGED_AT": "13:12:32"
            },
            {
                "SELECTED_TEAM": "BRC_Capital"
            }
        ]
    },
    {
        "PROCESS": [
            {
                "STARTDATE": "2023-02-13"
            },
            {
                "STARTED_AT": "13:20:16"
            }
        ]
    },
    {
        "NONPROCESS": [
            {
                "STARTDATE": "2023-02-13"
            },
            {
                "STARTED_AT": "13:14:33"
            }
        ]
    },
    {
        "MID_0FF": []
    }
]