[
    {
        "logDetails": [
            {
                "USERNAME": "S03732"
            },
            {
                "STATUS": "LOGGED_IN"
            },
            {
                "LOGGED_AT": "10:42:44"
            },
            {
                "SELECTED_TEAM": "ASV WADESON"
            }
        ]
    },
    {
        "PROCESS": [
            {
                "STARTDATE": "2023-07-14"
            },
            {
                "STARTED_AT": "10:42:59"
            }
        ]
    },
    {
        "NONPROCESS": [
            {
                "STARTDATE": "2023-07-14"
            },
            {
                "STARTED_AT": "11:04:25"
            }
        ]
    },
    {
        "MID_0FF": [
            {
                "STARTDATE": "2023-07-14"
            },
            {
                "STARTED_AT": "0:41:12"
            }
        ]
    }
]