[
    {
        "logDetails": [
            {
                "USERNAME": "S03847"
            },
            {
                "STATUS": "LOGGED_IN"
            },
            {
                "LOGGED_AT": "08:58:43"
            },
            {
                "SELECTED_TEAM": ""
            }
        ]
    },
    {
        "PROCESS": []
    },
    {
        "NONPROCESS": [
            {
                "STARTDATE": "2024-07-19"
            },
            {
                "STARTED_AT": "09:14:23"
            }
        ]
    },
    {
        "MID_0FF": []
    }
]