[
    {
        "logDetails": [
            {
                "USERNAME": "S03895"
            },
            {
                "STATUS": "LOGGED_IN"
            },
            {
                "LOGGED_AT": "04:26:59"
            },
            {
                "SELECTED_TEAM": "IPS"
            }
        ]
    },
    {
        "PROCESS": [
            {
                "STARTDATE": "2024-07-19"
            },
            {
                "STARTED_AT": "10:01:37"
            }
        ]
    },
    {
        "NONPROCESS": [
            {
                "STARTDATE": "2024-07-19"
            },
            {
                "STARTED_AT": "08:05:52"
            }
        ]
    },
    {
        "MID_0FF": {
            "STARTED_AT": "00:00:00"
        }
    }
]