[
    {
        "logDetails": [
            {
                "USERNAME": "S03804"
            },
            {
                "STATUS": "LOGGED_IN"
            },
            {
                "LOGGED_AT": "06:53:02"
            },
            {
                "SELECTED_TEAM": "TRANSCATION"
            }
        ]
    },
    {
        "PROCESS": [
            {
                "STARTDATE": "2023-12-29"
            },
            {
                "STARTED_AT": "10:50:59"
            }
        ]
    },
    {
        "NONPROCESS": [
            {
                "STARTDATE": "2023-12-29"
            },
            {
                "STARTED_AT": "11:50:41"
            }
        ]
    },
    {
        "MID_0FF": {
            "STARTED_AT": "00:00:00"
        }
    }
]