[
    {
        "logDetails": [
            {
                "USERNAME": "S03865"
            },
            {
                "STATUS": "LOGGED_IN"
            },
            {
                "LOGGED_AT": "09:36:18"
            },
            {
                "SELECTED_TEAM": "KDA"
            }
        ]
    },
    {
        "PROCESS": []
    },
    {
        "NONPROCESS": [
            {
                "STARTDATE": "2023-09-11"
            },
            {
                "STARTED_AT": "09:57:26"
            }
        ]
    },
    {
        "MID_0FF": []
    }
]