[
    {
        "logDetails": [
            {
                "USERNAME": "S03894"
            },
            {
                "STATUS": "LOGGED_IN"
            },
            {
                "LOGGED_AT": "06:30:08"
            },
            {
                "SELECTED_TEAM": "DEALING"
            }
        ]
    },
    {
        "PROCESS": [
            {
                "STARTDATE": "2024-07-19"
            },
            {
                "STARTED_AT": "09:55:41"
            }
        ]
    },
    {
        "NONPROCESS": [
            {
                "STARTDATE": "2024-07-19"
            },
            {
                "STARTED_AT": "10:19:31"
            }
        ]
    },
    {
        "MID_0FF": []
    }
]