[
    {
        "logDetails": [
            {
                "USERNAME": "S03822"
            },
            {
                "STATUS": "LOGGED_IN"
            },
            {
                "LOGGED_AT": "09:29:54"
            },
            {
                "SELECTED_TEAM": "KDA"
            }
        ]
    },
    {
        "PROCESS": [
            {
                "STARTDATE": "2023-07-31"
            },
            {
                "STARTED_AT": "11:42:39"
            }
        ]
    },
    {
        "NONPROCESS": []
    },
    {
        "MID_0FF": []
    }
]