[
    {
        "logDetails": [
            {
                "USERNAME": "S03862"
            },
            {
                "STATUS": "LOGGED_IN"
            },
            {
                "LOGGED_AT": "09:49:12"
            },
            {
                "SELECTED_TEAM": "PP Sydney-Admin"
            }
        ]
    },
    {
        "PROCESS": [
            {
                "STARTDATE": "2024-02-22"
            },
            {
                "STARTED_AT": "09:49:14"
            }
        ]
    },
    {
        "NONPROCESS": []
    },
    {
        "MID_0FF": []
    }
]