[
    {
        "logDetails": [
            {
                "USERNAME": "S03863"
            },
            {
                "STATUS": "LOGGED_IN"
            },
            {
                "LOGGED_AT": "06:29:41"
            },
            {
                "SELECTED_TEAM": "SPECIALIST"
            }
        ]
    },
    {
        "PROCESS": [
            {
                "STARTDATE": "2024-07-19"
            },
            {
                "STARTED_AT": "06:29:50"
            }
        ]
    },
    {
        "NONPROCESS": [
            {
                "STARTDATE": "2024-07-19"
            },
            {
                "STARTED_AT": "10:19:46"
            }
        ]
    },
    {
        "MID_0FF": []
    }
]