[
    {
        "logDetails": [
            {
                "USERNAME": "S03851"
            },
            {
                "STATUS": "LOGGED_IN"
            },
            {
                "LOGGED_AT": "08:58:08"
            },
            {
                "SELECTED_TEAM": "RM"
            }
        ]
    },
    {
        "PROCESS": []
    },
    {
        "NONPROCESS": [
            {
                "STARTDATE": "2024-07-19"
            },
            {
                "STARTED_AT": "09:51:10"
            }
        ]
    },
    {
        "MID_0FF": []
    }
]