[
    {
        "logDetails": [
            {
                "USERNAME": "S03879"
            },
            {
                "STATUS": "LOGGED_IN"
            },
            {
                "LOGGED_AT": "06:30:55"
            },
            {
                "SELECTED_TEAM": "RM"
            }
        ]
    },
    {
        "PROCESS": [
            {
                "STARTDATE": "2024-07-19"
            },
            {
                "STARTED_AT": "09:51:25"
            }
        ]
    },
    {
        "NONPROCESS": [
            {
                "STARTDATE": "2024-07-19"
            },
            {
                "STARTED_AT": "10:02:56"
            }
        ]
    },
    {
        "MID_0FF": []
    }
]