[
    {
        "logDetails": [
            {
                "USERNAME": "S03877"
            },
            {
                "STATUS": "LOGGED_IN"
            },
            {
                "LOGGED_AT": "05:56:19"
            },
            {
                "SELECTED_TEAM": "IPS"
            }
        ]
    },
    {
        "PROCESS": [
            {
                "STARTDATE": "2024-07-19"
            },
            {
                "STARTED_AT": "10:01:36"
            }
        ]
    },
    {
        "NONPROCESS": [
            {
                "STARTDATE": "2024-07-19"
            },
            {
                "STARTED_AT": "10:03:27"
            }
        ]
    },
    {
        "MID_0FF": []
    }
]