[
    {
        "logDetails": [
            {
                "USERNAME": "S03820"
            },
            {
                "STATUS": "LOGGED_IN"
            },
            {
                "LOGGED_AT": "10:11:59"
            },
            {
                "SELECTED_TEAM": "PP CFO SUPPORT"
            }
        ]
    },
    {
        "PROCESS": [
            {
                "STARTDATE": "2024-07-19"
            },
            {
                "STARTED_AT": "10:12:00"
            }
        ]
    },
    {
        "NONPROCESS": []
    },
    {
        "MID_0FF": []
    }
]