[
    {
        "logDetails": [
            {
                "USERNAME": "S03846"
            },
            {
                "STATUS": "LOGGED_IN"
            },
            {
                "LOGGED_AT": "07:33:31"
            },
            {
                "SELECTED_TEAM": "MAZARS-ADMIN"
            }
        ]
    },
    {
        "PROCESS": [
            {
                "STARTDATE": "2024-07-19"
            },
            {
                "STARTED_AT": "08:13:21"
            }
        ]
    },
    {
        "NONPROCESS": [
            {
                "STARTDATE": "2024-07-19"
            },
            {
                "STARTED_AT": "08:12:56"
            }
        ]
    },
    {
        "MID_0FF": []
    }
]