[
    {
        "logDetails": [
            {
                "USERNAME": "S03824"
            },
            {
                "STATUS": "LOGGED_IN"
            },
            {
                "LOGGED_AT": "07:54:16"
            },
            {
                "SELECTED_TEAM": "FINDEX NZ"
            }
        ]
    },
    {
        "PROCESS": [
            {
                "STARTDATE": "2023-07-18"
            },
            {
                "STARTED_AT": "07:54:56"
            }
        ]
    },
    {
        "NONPROCESS": [
            {
                "STARTDATE": "2023-07-18"
            },
            {
                "STARTED_AT": "07:54:43"
            }
        ]
    },
    {
        "MID_0FF": [
            {
                "STARTDATE": "2023-07-18"
            },
            {
                "STARTED_AT": "0:00:02"
            }
        ]
    }
]