[
    {
        "logDetails": [
            {
                "USERNAME": "S03926"
            },
            {
                "STATUS": "LOGGED_IN"
            },
            {
                "LOGGED_AT": "04:20:20"
            },
            {
                "SELECTED_TEAM": "IRESS PMS"
            }
        ]
    },
    {
        "PROCESS": [
            {
                "STARTDATE": "2024-07-19"
            },
            {
                "STARTED_AT": "09:41:09"
            }
        ]
    },
    {
        "NONPROCESS": [
            {
                "STARTDATE": "2024-07-19"
            },
            {
                "STARTED_AT": "07:16:18"
            }
        ]
    },
    {
        "MID_0FF": []
    }
]