[
    {
        "logDetails": [
            {
                "USERNAME": "S03912"
            },
            {
                "STATUS": "LOGGED_IN"
            },
            {
                "LOGGED_AT": "07:15:04"
            },
            {
                "SELECTED_TEAM": "REGISTRY"
            }
        ]
    },
    {
        "PROCESS": []
    },
    {
        "NONPROCESS": [
            {
                "STARTDATE": "2024-06-12"
            },
            {
                "STARTED_AT": "07:36:50"
            }
        ]
    },
    {
        "MID_0FF": []
    }
]