[
    {
        "logDetails": [
            {
                "USERNAME": "S03952"
            },
            {
                "STATUS": "LOGGED_IN"
            },
            {
                "LOGGED_AT": "06:38:16"
            },
            {
                "SELECTED_TEAM": "PP CORPORATE AFFAIRS"
            }
        ]
    },
    {
        "PROCESS": []
    },
    {
        "NONPROCESS": [
            {
                "STARTDATE": "2024-07-19"
            },
            {
                "STARTED_AT": "08:58:45"
            }
        ]
    },
    {
        "MID_0FF": []
    }
]