[
    {
        "logDetails": [
            {
                "USERNAME": "S03949"
            },
            {
                "STATUS": "LOGGED_IN"
            },
            {
                "LOGGED_AT": "06:56:14"
            },
            {
                "SELECTED_TEAM": "RWG"
            }
        ]
    },
    {
        "PROCESS": [
            {
                "STARTDATE": "2024-02-02"
            },
            {
                "STARTED_AT": "08:13:29"
            }
        ]
    },
    {
        "NONPROCESS": [
            {
                "STARTDATE": "2024-02-03"
            },
            {
                "STARTED_AT": "08:13:31"
            }
        ]
    },
    {
        "MID_0FF": []
    }
]