[
    {
        "logDetails": [
            {
                "USERNAME": "S03991"
            },
            {
                "STATUS": "LOGGED_IN"
            },
            {
                "LOGGED_AT": "06:23:56"
            },
            {
                "SELECTED_TEAM": "SPECIALIST"
            }
        ]
    },
    {
        "PROCESS": []
    },
    {
        "NONPROCESS": [
            {
                "STARTDATE": "2024-07-19"
            },
            {
                "STARTED_AT": "09:03:37"
            }
        ]
    },
    {
        "MID_0FF": []
    }
]