[
    {
        "logDetails": [
            {
                "USERNAME": "S03941"
            },
            {
                "STATUS": "LOGGED_IN"
            },
            {
                "LOGGED_AT": "04:24:24"
            },
            {
                "SELECTED_TEAM": "INDEXING"
            }
        ]
    },
    {
        "PROCESS": [
            {
                "STARTDATE": "2024-07-19"
            },
            {
                "STARTED_AT": "09:53:06"
            }
        ]
    },
    {
        "NONPROCESS": [
            {
                "STARTDATE": "2024-07-19"
            },
            {
                "STARTED_AT": "09:56:50"
            }
        ]
    },
    {
        "MID_0FF": []
    }
]