[
    {
        "logDetails": [
            {
                "USERNAME": "S04035"
            },
            {
                "STATUS": "LOGGED_IN"
            },
            {
                "LOGGED_AT": "06:34:16"
            },
            {
                "SELECTED_TEAM": "IRESS PMS"
            }
        ]
    },
    {
        "PROCESS": [
            {
                "STARTDATE": "2024-07-19"
            },
            {
                "STARTED_AT": "10:07:03"
            }
        ]
    },
    {
        "NONPROCESS": [
            {
                "STARTDATE": "2024-07-19"
            },
            {
                "STARTED_AT": "08:52:49"
            }
        ]
    },
    {
        "MID_0FF": []
    }
]