[
    {
        "logDetails": [
            {
                "USERNAME": "S04018"
            },
            {
                "STATUS": "LOGGED_IN"
            },
            {
                "LOGGED_AT": "06:29:54"
            },
            {
                "SELECTED_TEAM": "INDEXING"
            }
        ]
    },
    {
        "PROCESS": []
    },
    {
        "NONPROCESS": [
            {
                "STARTDATE": "2024-07-19"
            },
            {
                "STARTED_AT": "09:54:53"
            }
        ]
    },
    {
        "MID_0FF": []
    }
]