[
    {
        "logDetails": [
            {
                "USERNAME": "S04021"
            },
            {
                "STATUS": "LOGGED_IN"
            },
            {
                "LOGGED_AT": "06:25:59"
            },
            {
                "SELECTED_TEAM": "Praemium PMS"
            }
        ]
    },
    {
        "PROCESS": []
    },
    {
        "NONPROCESS": [
            {
                "STARTDATE": "2024-07-19"
            },
            {
                "STARTED_AT": "08:04:23"
            }
        ]
    },
    {
        "MID_0FF": []
    }
]