[
    {
        "logDetails": [
            {
                "USERNAME": "S04026"
            },
            {
                "STATUS": "LOGGED_IN"
            },
            {
                "LOGGED_AT": "07:41:17"
            },
            {
                "SELECTED_TEAM": "IRESS BOOKKEEPING"
            }
        ]
    },
    {
        "PROCESS": [
            {
                "STARTDATE": "2024-07-19"
            },
            {
                "STARTED_AT": "07:41:22"
            }
        ]
    },
    {
        "NONPROCESS": [
            {
                "STARTDATE": "2024-07-19"
            },
            {
                "STARTED_AT": "09:28:05"
            }
        ]
    },
    {
        "MID_0FF": []
    }
]