[
    {
        "logDetails": [
            {
                "USERNAME": "S04046"
            },
            {
                "STATUS": "LOGGED_IN"
            },
            {
                "LOGGED_AT": "06:41:19"
            },
            {
                "SELECTED_TEAM": "PRAEMIUM LTD CFO"
            }
        ]
    },
    {
        "PROCESS": [
            {
                "STARTDATE": "2024-07-19"
            },
            {
                "STARTED_AT": "09:57:40"
            }
        ]
    },
    {
        "NONPROCESS": [
            {
                "STARTDATE": "2024-07-19"
            },
            {
                "STARTED_AT": "09:33:48"
            }
        ]
    },
    {
        "MID_0FF": []
    }
]