[
    {
        "logDetails": [
            {
                "USERNAME": "S04005"
            },
            {
                "STATUS": "LOGGED_IN"
            },
            {
                "LOGGED_AT": "06:34:54"
            },
            {
                "SELECTED_TEAM": "Praemium PMS"
            }
        ]
    },
    {
        "PROCESS": []
    },
    {
        "NONPROCESS": [
            {
                "STARTDATE": "2024-07-19"
            },
            {
                "STARTED_AT": "08:03:45"
            }
        ]
    },
    {
        "MID_0FF": []
    }
]