[
    {
        "logDetails": [
            {
                "USERNAME": "S04004"
            },
            {
                "STATUS": "LOGGED_IN"
            },
            {
                "LOGGED_AT": "06:33:02"
            },
            {
                "SELECTED_TEAM": "Praemium PMS"
            }
        ]
    },
    {
        "PROCESS": []
    },
    {
        "NONPROCESS": [
            {
                "STARTDATE": "2024-07-19"
            },
            {
                "STARTED_AT": "09:36:48"
            }
        ]
    },
    {
        "MID_0FF": []
    }
]